image_name,image_idx,a,b,mse_err
D:/fivekdataset_big/input/train/a0001-jmac_DSC1459.tif,0,1.997723530883368,0.20126090983376002,0.01149896448692431
D:/fivekdataset_big/input/train/a0002-dgw_005.tif,1,1.7944398693994177,0.1968015150022996,0.013786712175449014
D:/fivekdataset_big/input/train/a0003-NKIM_MG_8178.tif,2,2.3037812216698925,0.22253469700837988,0.014796347061007444
D:/fivekdataset_big/input/train/a0004-jmac_MG_1384.tif,3,1.691838938718641,0.21626601558302608,0.009410616916883283
D:/fivekdataset_big/input/train/a0005-jn_2007_05_10__564.tif,4,2.8126335269265685,0.10133601738613268,0.02178756640203748
D:/fivekdataset_big/input/train/a0006-IMG_2787.tif,5,1.907893876639585,0.23724901558378936,0.005168272010114498
D:/fivekdataset_big/input/train/a0007-IMG_2480.tif,6,1.9763281323170125,0.21437413126907842,0.0070279447219545
D:/fivekdataset_big/input/train/a0008-WP_CRW_3959.tif,7,2.672585436020354,0.08619749901599252,0.01578284689839281
D:/fivekdataset_big/input/train/a0009-kme_372.tif,8,1.7961546033193043,0.13100084231011527,0.006640981317205443
D:/fivekdataset_big/input/train/a0010-jmac_MG_4807.tif,9,1.7750281520513362,0.21626232549585162,0.006488091972427948
D:/fivekdataset_big/input/train/a0011-DSC_0082.tif,10,1.7249084006838156,0.15074539452212582,0.0068522742072782365
D:/fivekdataset_big/input/train/a0012-kme_143.tif,11,1.731034536961639,0.16364385053393146,0.009142163168241494
D:/fivekdataset_big/input/train/a0013-MB_20030906_001.tif,12,1.5850007310916592,0.25153310680030977,0.02968095560127502
D:/fivekdataset_big/input/train/a0014-WP_CRW_6320.tif,13,2.0807499048588376,0.1745845689730988,0.006517146122463742
D:/fivekdataset_big/input/train/a0015-DSC_0081.tif,14,1.957618737133028,0.15946171499138653,0.011230768013123256
D:/fivekdataset_big/input/train/a0016-jmac_MG_0795.tif,15,2.057311832567459,0.21151414163292537,0.010352757944205595
D:/fivekdataset_big/input/train/a0017-050710_031618__MG_3496.tif,16,1.8778342068024214,0.2253077329809642,0.008548002386647725
D:/fivekdataset_big/input/train/a0018-kme_234.tif,17,2.1882287314815154,0.20275991556925385,0.009886564255561872
D:/fivekdataset_big/input/train/a0019-jmac_MG_0653.tif,18,1.7779469459884711,0.19182038141611518,0.024763107635930183
D:/fivekdataset_big/input/train/a0020-jmac_MG_6225.tif,19,1.9654334284443329,0.269750407638371,0.012064584335393667
D:/fivekdataset_big/input/train/a0021-07-11-28-at-09h22m57s-_MG_7427.tif,20,1.5139939886198233,0.2578897014278356,0.011373397802001266
D:/fivekdataset_big/input/train/a0022-IMG_2380.tif,21,1.8666961002463496,0.17628629996493209,0.0077959360229731215
D:/fivekdataset_big/input/train/a0023-07-06-02-at-15h06m48-s_MG_1489.tif,22,1.9583767547679494,0.12385606559481951,0.01200624411528261
D:/fivekdataset_big/input/train/a0024-_DSC8932.tif,23,1.9351047297966448,0.4020121504502087,0.030824932745280996
D:/fivekdataset_big/input/train/a0025-kme_298.tif,24,2.2122991648345938,0.19673142698023957,0.01032146829854374
D:/fivekdataset_big/input/train/a0026-kme_391.tif,25,1.8975410813166997,0.24057519835063626,0.007313905200243367
D:/fivekdataset_big/input/train/a0027-IMG_3964.tif,26,2.0623796765495044,0.11938262790227806,0.01471505780245181
D:/fivekdataset_big/input/train/a0028-_DSC0032.tif,27,1.9413197193991216,0.1862734177589911,0.007108641321066046
D:/fivekdataset_big/input/train/a0029-jmac_DSC3974.tif,28,1.8696964874325395,0.2291461184461132,0.013998372447238368
D:/fivekdataset_big/input/train/a0030-_MG_7844.tif,29,1.6357174973423578,0.19651041030071054,0.013898498214455254
D:/fivekdataset_big/input/train/a0031-WP_CRW_0736.tif,30,2.139665820449696,0.14600566614312135,0.018062425529291534
D:/fivekdataset_big/input/train/a0032-jmac_MG_0266.tif,31,2.14415674773748,0.11062196486001238,0.01075647174765285
D:/fivekdataset_big/input/train/a0033-KE_-2590.tif,32,1.6577703338763115,0.13451950259563294,0.014750544006651123
D:/fivekdataset_big/input/train/a0034-LSYD4O2202.tif,33,1.4555469033692365,0.23408506503360255,0.012521942949412253
D:/fivekdataset_big/input/train/a0035-dgw_048.tif,34,1.9138327917996587,0.22857926766943537,0.025531583892396667
D:/fivekdataset_big/input/train/a0036-jn_2007_05_05__183.tif,35,1.966417037776348,0.177492467944473,0.006381392009691077
D:/fivekdataset_big/input/train/a0037-jmacAlgarve_Sagres_07.tif,36,1.8899413089174077,0.12562361565129307,0.005766345421061881
D:/fivekdataset_big/input/train/a0038-MB_070908_135.tif,37,1.7570932531774754,0.19480270160145194,0.010775831324942817
D:/fivekdataset_big/input/train/a0039-jmac_DSC3406.tif,38,2.4683483264335737,0.11956958352790512,0.008487257041905156
D:/fivekdataset_big/input/train/a0040-_DSC5693.tif,39,1.5399479230796937,0.22529060284764366,0.01361481283210545
D:/fivekdataset_big/input/train/a0041-IMG_4972.tif,40,1.7937659651909497,0.10189699044455143,0.01490735995890713
D:/fivekdataset_big/input/train/a0042-060813_155838__MG_6361.tif,41,1.6369239294445295,0.2767901753805439,0.025958713690479984
D:/fivekdataset_big/input/train/a0043-07-11-27-at-12h09m46s-_MG_7307.tif,42,1.8525505303489431,0.1503672607234665,0.010011438769391947
D:/fivekdataset_big/input/train/a0044-JI2E0511.tif,43,2.2255624457409104,0.1833464682815646,0.009565876952401737
D:/fivekdataset_big/input/train/a0045-20050320_081337__E6B1177.tif,44,1.4978271089187694,0.20321359524356045,0.009173676111134905
D:/fivekdataset_big/input/train/a0046-dgw_101.tif,45,1.6653572505343872,0.22436871618633084,0.018561641140049615
D:/fivekdataset_big/input/train/a0047-07-11-18-at-00h05m40s-_MG_4882.tif,46,2.1432421342372683,0.2789120930000797,0.011993958061744834
D:/fivekdataset_big/input/train/a0048-kme_066.tif,47,2.654613415859641,0.1162572375567662,0.009138459414072608
D:/fivekdataset_big/input/train/a0049-_I2E5952.tif,48,2.270047920433111,0.12519016391771048,0.011625261588549308
D:/fivekdataset_big/input/train/a0050-_DSC0006.tif,49,2.675030367696182,0.14149564678700102,0.007273993536764367
D:/fivekdataset_big/input/train/a0051-WP_CRW_3461.tif,50,1.7575492793204042,0.17304202824724366,0.011686035185609846
D:/fivekdataset_big/input/train/a0052-dgw_131.tif,51,1.8674381516763678,0.21881392822830045,0.023475607127884785
D:/fivekdataset_big/input/train/a0053-kme_103.tif,52,1.8756762028962757,0.18610318553042768,0.016021320576123498
D:/fivekdataset_big/input/train/a0054-kme_097.tif,53,1.9192060071181012,0.1790451591512444,0.01819386601891987
D:/fivekdataset_big/input/train/a0055-050729_194412__I2E5282.tif,54,1.9113336244050245,0.1558537097545574,0.00889137501686947
D:/fivekdataset_big/input/train/a0056-LSYD4O0815.tif,55,2.1281365049716956,0.09202462867627989,0.010550867049603342
D:/fivekdataset_big/input/train/a0057-kme_406.tif,56,1.8329514975768268,0.1966296643001019,0.008440115819846283
D:/fivekdataset_big/input/train/a0058-NKIM_MG_6121.tif,57,1.5577947017557905,0.2218150189470638,0.01818920024113066
D:/fivekdataset_big/input/train/a0059-JI2E5556.tif,58,1.7765242647392987,0.17804781928909194,0.007627603314010657
D:/fivekdataset_big/input/train/a0060-jmac_DSC3171.tif,59,2.203731722709875,0.13988078185100553,0.010966071600194565
D:/fivekdataset_big/input/train/a0061-jn_20080802_0003.tif,60,2.2990956348397296,0.059432894444617294,0.007314600751430707
D:/fivekdataset_big/input/train/a0062-LSCRW_0035.tif,61,2.3138643977035036,0.11559790890474256,0.0038446917848764077
D:/fivekdataset_big/input/train/a0063-IMG_4185.tif,62,1.8522130817047682,0.13150286099213793,0.014560417262233925
D:/fivekdataset_big/input/train/a0064-_DSC7889.tif,63,1.6344844201543762,0.1692363741497486,0.011703333236972919
D:/fivekdataset_big/input/train/a0065-_DSC6405.tif,64,1.4975887222607467,0.22764030876510868,0.024215237193635452
D:/fivekdataset_big/input/train/a0066-Ja_Pe-65.tif,65,1.944181918052781,0.20213632935536216,0.017198779514398986
D:/fivekdataset_big/input/train/a0067-kme_213.tif,66,1.6440443043647177,0.26201162525245353,0.02702346322268691
D:/fivekdataset_big/input/train/a0068-LS051026_day_1_arive53.tif,67,1.6254868657125165,0.2692741856368592,0.026772101151684536
D:/fivekdataset_big/input/train/a0069-kme_056.tif,68,1.404742758827122,0.2545208414017806,0.01704417554935517
D:/fivekdataset_big/input/train/a0070-IMG_4327.tif,69,1.6634503501824003,0.19191516629500666,0.014564738512751552
D:/fivekdataset_big/input/train/a0071-kme_490.tif,70,2.6501506656487517,0.0834873835963056,0.01973024171343154
D:/fivekdataset_big/input/train/a0072-IMG_5048.tif,71,1.4296933621213666,0.20970647806722154,0.017835884676080768
D:/fivekdataset_big/input/train/a0073-IMG_2593.tif,72,1.5544312088450767,0.2277727130452504,0.018937722048521146
D:/fivekdataset_big/input/train/a0074-WP_CRW_0343.tif,73,2.058797797764485,0.2287976754659299,0.012795686570097642
D:/fivekdataset_big/input/train/a0075-jn_20080814_New_York_City_042.tif,74,2.165632951943562,0.15345983681945613,0.0145037911620294
D:/fivekdataset_big/input/train/a0076-jmac_MG_5736.tif,75,1.640908338530224,0.1906761013179042,0.009251648481060323
D:/fivekdataset_big/input/train/a0077-20080627_at_14h31m24__MG_0714.tif,76,1.7145783997218256,0.14190693281436098,0.006523454848532766
D:/fivekdataset_big/input/train/a0078-IMG_0326.tif,77,1.8177066797196217,0.06818014958333318,0.012599816844555474
D:/fivekdataset_big/input/train/a0079-IMG_4099.tif,78,2.3067224804356625,0.1578905635350419,0.009168617859320998
D:/fivekdataset_big/input/train/a0080-kme_544.tif,79,2.2617528469034114,0.1641834906308075,0.007166037759695153
D:/fivekdataset_big/input/train/a0081-kme_106.tif,80,1.9655968871929757,0.23606332190278087,0.00990140455440733
D:/fivekdataset_big/input/train/a0082-IMG_4578.tif,81,1.5612789468792834,0.21644999969738823,0.010590401763297263
D:/fivekdataset_big/input/train/a0083-jmac_MG_0082.tif,82,1.6546454360934566,0.13948663146364038,0.006695281221036356
D:/fivekdataset_big/input/train/a0084-_MG_1610.tif,83,1.5019889155018593,0.15998645946402026,0.014580969120225972
D:/fivekdataset_big/input/train/a0085-kme_215.tif,84,1.9374723144962054,0.1435818862100739,0.006208275639900205
D:/fivekdataset_big/input/train/a0086-WP_CRW_3706.tif,85,1.9803868651921033,0.09472485920237134,0.015404971789801762
D:/fivekdataset_big/input/train/a0087-kme_155.tif,86,2.117892392527052,0.23921034716297254,0.011094301134010236
D:/fivekdataset_big/input/train/a0088-_DGW6376.tif,87,1.7460860166513203,0.23936766324460215,0.027327114805828757
D:/fivekdataset_big/input/train/a0089-jn_20080509_245.tif,88,1.7590571431619975,0.18182070017087415,0.01407479845732535
D:/fivekdataset_big/input/train/a0090-LS_060715_8754.tif,89,2.193906559638562,0.10954923489571448,0.010681006579151178
D:/fivekdataset_big/input/train/a0091-jmac_MG_4959.tif,90,2.089582862734961,0.13072298815006814,0.0057737354578799895
D:/fivekdataset_big/input/train/a0092-jmac_MG_7673.tif,91,1.9597669410719998,0.28567220970648544,0.01832186764707654
D:/fivekdataset_big/input/train/a0093-MB_070908_038.tif,92,1.9316133314847383,0.14117646809571585,0.017079517851168447
D:/fivekdataset_big/input/train/a0094-CRW_2714.tif,93,2.26548163910092,0.15015940309778208,0.008436080875664366
D:/fivekdataset_big/input/train/a0095-IMG_9199.tif,94,2.3298704081423205,0.16387479117060502,0.01069204916087961
D:/fivekdataset_big/input/train/a0096-_DGW6249.tif,95,1.7193075517274807,0.27879394280452163,0.03971851312547387
D:/fivekdataset_big/input/train/a0097-JI2E5089.tif,96,1.8360915438624166,0.1961757693715119,0.010743781588106616
D:/fivekdataset_big/input/train/a0098-kme_187.tif,97,2.5593103372498596,0.22005377092586015,0.0058432523079939135
D:/fivekdataset_big/input/train/a0099-kme_264.tif,98,1.7813392925356653,0.16287500190497947,0.011204758479679696
D:/fivekdataset_big/input/train/a0100-AlexWed07-9691.tif,99,2.0054002747315285,0.1489067496915402,0.007595634020271831
D:/fivekdataset_big/input/train/a0101-kme_610.tif,100,1.9290543110115375,0.2060354787643882,0.012093228734593326
D:/fivekdataset_big/input/train/a0102-IMG_3663-1.tif,101,1.8228561993293924,0.2552781369493926,0.016741265982411827
D:/fivekdataset_big/input/train/a0103-jmac_MG_1394.tif,102,1.6470511598681217,0.20188007070097652,0.011326130111296328
D:/fivekdataset_big/input/train/a0104-dvf_003.tif,103,1.360574365585919,0.2390154485812415,0.013458319653407616
D:/fivekdataset_big/input/train/a0105-kme_439.tif,104,1.852117313080175,0.19485208437218857,0.009836556332345796
D:/fivekdataset_big/input/train/a0106-NKIM_120.tif,105,1.4077255805829827,0.24055298758032534,0.020602816378429402
D:/fivekdataset_big/input/train/a0107-IMG_2837.tif,106,1.9028685755190857,0.17236645109332044,0.009759509982693822
D:/fivekdataset_big/input/train/a0108-kme_175.tif,107,2.927081465610537,0.1298382926353442,0.017054875283885818
D:/fivekdataset_big/input/train/a0109-_DSC0022-1.tif,108,2.446833955115255,0.09606229820044529,0.01569896593542229
D:/fivekdataset_big/input/train/a0110-IMG_3981.tif,109,2.0290416879764352,0.15837372180139236,0.013817126423873734
D:/fivekdataset_big/input/train/a0111-IMG_4425.tif,110,1.7509170186478937,0.2045135770428954,0.015401884347150764
D:/fivekdataset_big/input/train/a0112-kme_093.tif,111,1.7095992473288044,0.15350838684187315,0.018932109057627326
D:/fivekdataset_big/input/train/a0113-IMG_1129.tif,112,1.8265496095799423,0.23619024386460208,0.022381144801663783
D:/fivekdataset_big/input/train/a0114-KE_-0062.tif,113,2.04820302383318,0.16056003497179983,0.008437256205232092
D:/fivekdataset_big/input/train/a0115-DSC_0004-1.tif,114,3.4345694568175813,0.1539293983330728,0.012032319440006944
D:/fivekdataset_big/input/train/a0116-WP_IMG_0083.tif,115,2.152004159474189,0.16940889489637984,0.006830027754226889
D:/fivekdataset_big/input/train/a0117-kme_006.tif,116,2.0933628689706976,0.15387752135491584,0.016142009313525746
D:/fivekdataset_big/input/train/a0118-20051223_103622__MG_0617.tif,117,2.3010220198761417,0.26381556503383047,0.01962869024073893
D:/fivekdataset_big/input/train/a0119-kme_120.tif,118,2.10986299238647,0.20922137608323302,0.012542874980146682
D:/fivekdataset_big/input/train/a0120-_MG_0300.tif,119,1.948695789183813,0.2264746969385221,0.012856006354176355
D:/fivekdataset_big/input/train/a0121-jmac_MG_7813.tif,120,2.2306165665556,0.1799550817036395,0.006529396819099772
D:/fivekdataset_big/input/train/a0122-NKIM_MG_8181.tif,121,1.8186186540373,0.09769950812961534,0.006825420596086278
D:/fivekdataset_big/input/train/a0123-JI2E4140.tif,122,2.1569448977883243,0.18500011345048012,0.01825463684763083
D:/fivekdataset_big/input/train/a0124-jmac_DSC3133.tif,123,1.8080601507538552,0.13421487102823862,0.008887683530856581
D:/fivekdataset_big/input/train/a0125-kme_314.tif,124,1.6934938618629214,0.12748447456812786,0.009566113318192605
D:/fivekdataset_big/input/train/a0126-DSC_0025.tif,125,1.8634834062907426,0.14900305586799908,0.010087217343878433
D:/fivekdataset_big/input/train/a0127-kme_578.tif,126,2.4720043475548095,0.12163982710997777,0.017275681006890614
D:/fivekdataset_big/input/train/a0128-IMG_0793.tif,127,2.2437197226658254,0.1901536883930018,0.0067490047772516045
D:/fivekdataset_big/input/train/a0129-kme_532.tif,128,1.9384078500427504,0.21367355785425185,0.012746447281720174
D:/fivekdataset_big/input/train/a0130-kme_494.tif,129,2.8825197833855456,0.17597337726353324,0.010528038056740359
D:/fivekdataset_big/input/train/a0131-050801_142414__I2E5524.tif,130,1.9435911450843326,0.17925692035249807,0.009358704628497133
D:/fivekdataset_big/input/train/a0132-tc_DSC2376.tif,131,2.2590331679252666,0.12636742297801717,0.00811665265933611
D:/fivekdataset_big/input/train/a0133-050724_185320__I2E5160.tif,132,1.857816707012048,0.17524798149887577,0.011071664861937908
D:/fivekdataset_big/input/train/a0134-LS051025_day_2_LL003.tif,133,2.189356235871467,0.11169796754886915,0.01917032063567122
D:/fivekdataset_big/input/train/a0135-IMG_2595.tif,134,1.9695463072774857,0.2256458681200781,0.012537883111783332
D:/fivekdataset_big/input/train/a0136-CRW_0157.tif,135,2.6692667990000554,0.18370821117541966,0.018998308793050804
D:/fivekdataset_big/input/train/a0137-IMG_4565.tif,136,1.645388043598902,0.15640373049107834,0.015508058280055107
D:/fivekdataset_big/input/train/a0138-_DSC2986.tif,137,2.0034902198951,0.15947701186193974,0.010948624464027898
D:/fivekdataset_big/input/train/a0139-060526_142248__MG_8130.tif,138,1.8943476923988658,0.18210774362507326,0.009707664613044897
D:/fivekdataset_big/input/train/a0140-jmac_DSC3242.tif,139,1.9401868285600516,0.10605894801032204,0.012626603596339154
D:/fivekdataset_big/input/train/a0141-IMG_3342.tif,140,2.4645025274155157,0.14072205681560065,0.00818206698381661
D:/fivekdataset_big/input/train/a0142-IMG_2048.tif,141,1.8195306126422885,0.12085755525798043,0.010621908424527135
D:/fivekdataset_big/input/train/a0143-kme_060.tif,142,2.360880869927689,0.17609499491075764,0.006153747667219742
D:/fivekdataset_big/input/train/a0144-07-11-20-at-16h38m08s-_MG_5725.tif,143,1.9395278350467906,0.15735708552357192,0.00847675136736016
D:/fivekdataset_big/input/train/a0145-DSC_0009-1.tif,144,1.9470575107345434,0.20897497910471327,0.014702669329560492
D:/fivekdataset_big/input/train/a0146-07-11-23-at-10h54m29s-_MG_6544.tif,145,1.91485992609194,0.26372022027284875,0.007172284340560634
D:/fivekdataset_big/input/train/a0147-kme_333.tif,146,1.8829206814505153,0.1897467951649503,0.00895971985715659
D:/fivekdataset_big/input/train/a0148-07-07-16-at-23h50m49s-_MG_2214.tif,147,2.0681481840985483,0.1430392016637904,0.012053779051404319
D:/fivekdataset_big/input/train/a0149-tc_DSC3938.tif,148,2.286816065222282,0.09763178351296345,0.015971127355824902
D:/fivekdataset_big/input/train/a0150-_DSC0064.tif,149,2.1893003047719857,0.14059431855949495,0.005431435942612309
D:/fivekdataset_big/input/train/a0151-JI2E3955.tif,150,1.481515380292253,0.2640293375156961,0.02245258189396938
D:/fivekdataset_big/input/train/a0152-IMG_2713.tif,151,2.538704882671033,0.15270563475611812,0.007575253612926827
D:/fivekdataset_big/input/train/a0153-kme_560.tif,152,1.8942865848413517,0.1974313927223073,0.009374633914606212
D:/fivekdataset_big/input/train/a0154-IMG_4393.tif,153,1.699173778270516,0.1853068220438067,0.02295580552776676
D:/fivekdataset_big/input/train/a0155-kme_116.tif,154,1.8806394074863853,0.1980450635946526,0.010003417594356745
D:/fivekdataset_big/input/train/a0156-_DSC0008.tif,155,2.1966625226684853,0.13309939720493838,0.010204821351089766
D:/fivekdataset_big/input/train/a0157-DSC_0011-1.tif,156,2.78074175760261,0.14535423720267632,0.006857000602782745
D:/fivekdataset_big/input/train/a0158-051124_163114__I2E9732.tif,157,1.9927493974229578,0.17999991995133618,0.011160678100129355
D:/fivekdataset_big/input/train/a0159-20061222_130937__E6B6186.tif,158,2.3533971438197403,0.2503662099115835,0.003161974331312125
D:/fivekdataset_big/input/train/a0160-_DSC0023.tif,159,2.4363185813729196,0.1514375150874177,0.012343784262321213
D:/fivekdataset_big/input/train/a0161-_DSC0022.tif,160,2.5293863089734043,0.12607577703881356,0.011600237141580467
D:/fivekdataset_big/input/train/a0162-WP_CRW_0271.tif,161,1.7629370611205728,0.18832781585233543,0.008676085117109614
D:/fivekdataset_big/input/train/a0163-WP_CRW_0638.tif,162,1.6120911049059463,0.1401908403171285,0.012924484500407549
D:/fivekdataset_big/input/train/a0164-kme_446.tif,163,2.5397919336237016,0.16196733881813496,0.0103372578265951
D:/fivekdataset_big/input/train/a0165-_MG_1166.tif,164,1.5585606715719498,0.14399399085816003,0.015395997745780852
D:/fivekdataset_big/input/train/a0166-kme_509.tif,165,2.027199444423165,0.11973050193610833,0.009548785645859297
D:/fivekdataset_big/input/train/a0167-JI2E5064.tif,166,1.7536306156928567,0.17714566809113713,0.018555825495584984
D:/fivekdataset_big/input/train/a0168-LSCRW_2102.tif,167,1.9363362582497765,0.1652324998111223,0.00829074533438719
D:/fivekdataset_big/input/train/a0169-jn_20081025_Kent_Shelter_168.tif,168,2.0327801408618833,0.1221443317059896,0.011551183091792856
D:/fivekdataset_big/input/train/a0170-IMG_0071.tif,169,2.125144546612836,0.23782295148173732,0.012675308201056843
D:/fivekdataset_big/input/train/a0171-kme_265.tif,170,1.9044861690880934,0.1258006467030679,0.011518939409273333
D:/fivekdataset_big/input/train/a0172-jmac_DSC3528.tif,171,2.2472035018223186,0.1725863989063875,0.01695632142947208
D:/fivekdataset_big/input/train/a0173-IMG_1653.tif,172,2.186563628259931,0.23804216598640937,0.013328939335464638
D:/fivekdataset_big/input/train/a0174-NKIM_MG_6678.tif,173,1.549419594627014,0.16004669079488168,0.021052019459528552
D:/fivekdataset_big/input/train/a0175-KE_-1376.tif,174,1.7783486459148423,0.15629564945485988,0.012371910093693645
D:/fivekdataset_big/input/train/a0176-jmac_DSC0547.tif,175,2.7368048352973187,0.17722519472372106,0.011879216863440503
D:/fivekdataset_big/input/train/a0177-dgw_078.tif,176,1.9286422131641938,0.2558511527826027,0.015884812491197303
D:/fivekdataset_big/input/train/a0178-20050330_200118__E6B2943.tif,177,1.7507364481151722,0.18935798146494234,0.006444273730272909
D:/fivekdataset_big/input/train/a0179-IMG_0006.tif,178,1.6500070388364914,0.1820132503228961,0.01789839667355805
D:/fivekdataset_big/input/train/a0180-kme_307.tif,179,1.615284307953764,0.15876106180383337,0.009212374079630183
D:/fivekdataset_big/input/train/a0181-IMG_0015.tif,180,1.9692505031098908,0.2509533691861008,0.031671448921136214
D:/fivekdataset_big/input/train/a0182-jmac_DSC2564.tif,181,1.798620089306413,0.16579533966389343,0.011630725992801096
D:/fivekdataset_big/input/train/a0183-07-06-02-at-07h15m59-s_MG_1347.tif,182,1.763613641890441,0.19544860728924943,0.008738325046018531
D:/fivekdataset_big/input/train/a0184-_DSC0097.tif,183,1.9088253472459549,0.1219676437083582,0.0062973087865838065
D:/fivekdataset_big/input/train/a0185-07-07-06-at-20h08m44s-_MG_2130.tif,184,1.6750759385375342,0.14413558470608245,0.007361750996806242
D:/fivekdataset_big/input/train/a0186-IMG_4587.tif,185,1.8781017963605582,0.14919768224903018,0.008402910778033196
D:/fivekdataset_big/input/train/a0187-IMG_3832.tif,186,1.952728649065466,0.13903441775290584,0.007260100934366588
D:/fivekdataset_big/input/train/a0188-IMG_0344.tif,187,1.9353942973703346,0.15999963011188081,0.006222877053434764
D:/fivekdataset_big/input/train/a0189-IMG_1799.tif,188,2.2513521472439395,0.17783457863735763,0.011321043275377118
D:/fivekdataset_big/input/train/a0190-dgw_034.tif,189,2.3651527346750894,0.23080225772249213,0.009036516322060324
D:/fivekdataset_big/input/train/a0191-jmac_DSC2666.tif,190,1.8216322618209484,0.10603117256944199,0.00821974936252048
D:/fivekdataset_big/input/train/a0192-_MG_7063.tif,191,1.4875101559866113,0.16292713686280094,0.011376808296809213
D:/fivekdataset_big/input/train/a0193-IMG_4321.tif,192,1.716547446538429,0.18791410472117737,0.008709447908299616
D:/fivekdataset_big/input/train/a0194-IMG_2736.tif,193,2.2377262776673557,0.14310312363184496,0.006750462228601159
D:/fivekdataset_big/input/train/a0195-_DGW6246.tif,194,2.23284714061983,0.2672843662298746,0.01642549472658973
D:/fivekdataset_big/input/train/a0196-2004-01-25+13-34-10+CRW_3079.tif,195,2.6134479093589285,0.12381858847326138,0.010753086588148815
D:/fivekdataset_big/input/train/a0197-Ja_Pe-32.tif,196,2.171340630191674,0.1652041576643638,0.021506791976440755
D:/fivekdataset_big/input/train/a0198-kme_134.tif,197,1.854189307656322,0.18876082626791263,0.014179411538977997
D:/fivekdataset_big/input/train/a0199-MB_060311_023.tif,198,1.8814603934541714,0.1591403521373997,0.011989359373869518
D:/fivekdataset_big/input/train/a0200-KE_-2669.tif,199,2.0089928288703165,0.18598819638141942,0.010537654835014948
D:/fivekdataset_big/input/train/a0201-MB_20030906_073.tif,200,1.9190221965376817,0.10490761697425827,0.014690382248334516
D:/fivekdataset_big/input/train/a0202-KE_-1498.tif,201,1.8148841977557433,0.3115307303156923,0.027534373222582658
D:/fivekdataset_big/input/train/a0203-07-06-01-at-15h10m04-s_MG_1303.tif,202,1.4040604970764168,0.25041379231406097,0.011818508010447686
D:/fivekdataset_big/input/train/a0204-_DSC3018.tif,203,1.7506819908040514,0.18197116591341536,0.024050696889413067
D:/fivekdataset_big/input/train/a0205-NKIM_MG_6466.tif,204,1.9406461874343055,0.177719584447561,0.01655654950737245
D:/fivekdataset_big/input/train/a0206-kme_576.tif,205,1.760300064390158,0.20654877405450808,0.027662022781525346
D:/fivekdataset_big/input/train/a0207-jmac_MG_7695.tif,206,1.8132624855649635,0.24162674245937996,0.00965192140710623
D:/fivekdataset_big/input/train/a0208-_DGW6392.tif,207,2.185372375535364,0.27358116202372984,0.018027511331603255
D:/fivekdataset_big/input/train/a0209-_DGW6273.tif,208,2.032989893674235,0.1611231385787618,0.007258543885380949
D:/fivekdataset_big/input/train/a0210-jmac_DSC0830.tif,209,1.906656067494903,0.18905778911723944,0.01189950950415663
D:/fivekdataset_big/input/train/a0211-IMG_0028.tif,210,1.9658765020609565,0.15407173622798473,0.01804674774153439
D:/fivekdataset_big/input/train/a0212-IMG_0358.tif,211,1.6824307103546956,0.17989196355741646,0.009368683626994187
D:/fivekdataset_big/input/train/a0213-kme_335.tif,212,1.9261335621044937,0.18126609971043878,0.010043442370609015
D:/fivekdataset_big/input/train/a0214-IMG_1676.tif,213,2.3799875872392486,0.20527856763267063,0.016190856626154965
D:/fivekdataset_big/input/train/a0215-IMG_1442.tif,214,1.7963371785275126,0.17228459336860438,0.010244686644650985
D:/fivekdataset_big/input/train/a0216-IMG_4476.tif,215,1.9740437385426877,0.2368942943768746,0.02156755750626263
D:/fivekdataset_big/input/train/a0217-_DGW6260.tif,216,1.785544067097017,0.17200336753573303,0.0192175608609698
D:/fivekdataset_big/input/train/a0218-kme_181.tif,217,2.062329528567853,0.2088253222179556,0.007572792072664636
D:/fivekdataset_big/input/train/a0219-WP_CRW_6890.tif,218,2.0695860964418658,0.18816879690153915,0.021092201871936177
D:/fivekdataset_big/input/train/a0220-LS051026_day_1_arive28.tif,219,2.037136339075635,0.18589114266540735,0.011507179601254278
D:/fivekdataset_big/input/train/a0221-NKIM_MG_3324.tif,220,2.644278857789434,0.06123396543910438,0.01489660529897011
D:/fivekdataset_big/input/train/a0222-NKIM_MG_2635.tif,221,1.6372594541595062,0.09417846823680698,0.008819080992322415
D:/fivekdataset_big/input/train/a0223-050816_115418__MG_4849.tif,222,2.5781010337023353,0.08838782601764872,0.014884813305154827
D:/fivekdataset_big/input/train/a0224-IMG_5820.tif,223,2.1671402169482694,0.15906422376738777,0.007274328767162686
D:/fivekdataset_big/input/train/a0225-dgw_127.tif,224,2.217754328039478,0.23764787111682953,0.012975757341574254
D:/fivekdataset_big/input/train/a0226-WP_CRW_4861.tif,225,1.7941363655083726,0.1339674928852263,0.011433115823652805
D:/fivekdataset_big/input/train/a0227-jn_20081025_Kent_Shelter_001.tif,226,1.6431629838669808,0.11241017978137016,0.012031786747446396
D:/fivekdataset_big/input/train/a0228-IMG_2688.tif,227,1.9965401306382855,0.12682042746664896,0.00961249727012269
D:/fivekdataset_big/input/train/a0229-kme_191.tif,228,1.6592302781719277,0.20895656318484954,0.013067200891445458
D:/fivekdataset_big/input/train/a0230-_DSC0126.tif,229,1.7174269414060943,0.11886795093597034,0.00959414750862172
D:/fivekdataset_big/input/train/a0231-_DSC1319.tif,230,1.9394057871507877,0.15826039180941476,0.012959889647192658
D:/fivekdataset_big/input/train/a0232-MB_20030906_040.tif,231,1.549854760968079,0.24399230389767013,0.020170766790489472
D:/fivekdataset_big/input/train/a0233-jn_2007_12_15__BU_CRUISE_248.tif,232,2.009337804402286,0.16423861160441205,0.015799316248475963
D:/fivekdataset_big/input/train/a0234-JI2E4685.tif,233,2.0522188080151835,0.17434679731614902,0.018871307766847444
D:/fivekdataset_big/input/train/a0235-DSC_0193.tif,234,1.5131500511351463,0.21259723019962126,0.01290033125254575
D:/fivekdataset_big/input/train/a0236-060526_142240__MG_8129.tif,235,1.8378230223130398,0.11717352015592887,0.016107882960367234
D:/fivekdataset_big/input/train/a0237-_DSC9985.tif,236,1.9124411994143622,0.16847149516164553,0.020674636058065802
D:/fivekdataset_big/input/train/a0238-dvf_024.tif,237,1.6908870947309917,0.15551677593911867,0.010858214398560934
D:/fivekdataset_big/input/train/a0239-_MG_1622.tif,238,1.594192049678285,0.23411136516261166,0.01379029264831924
D:/fivekdataset_big/input/train/a0240-jmac_DSC1221.tif,239,2.313571352073378,0.11509917202161284,0.009452449771095888
D:/fivekdataset_big/input/train/a0241-NKIM_MG_6579.tif,240,1.868832389453461,0.11299893969842745,0.013148064317680364
D:/fivekdataset_big/input/train/a0242-07-06-01-at-12h55m36-s_MG_1241.tif,241,2.0113668929494217,0.18018228497890418,0.008873837396523525
D:/fivekdataset_big/input/train/a0243-IMG_5006.tif,242,1.2434693019744965,0.28413779935494643,0.02005908165693014
D:/fivekdataset_big/input/train/a0244-GrassleyCase-5393.tif,243,2.1416462064613517,0.15629660789770322,0.013068160213071684
D:/fivekdataset_big/input/train/a0245-IMG_4069.tif,244,1.509520039487696,0.2140532273005119,0.01452075938237845
D:/fivekdataset_big/input/train/a0246-IMG_1652.tif,245,1.6977779671285116,0.1967971251271185,0.009559514486859445
D:/fivekdataset_big/input/train/a0247-kme_376.tif,246,1.930551198180388,0.14011471412665855,0.008704618026112044
D:/fivekdataset_big/input/train/a0248-IMG_4976.tif,247,2.016730420028044,0.08765266691758922,0.005164434844710082
D:/fivekdataset_big/input/train/a0249-kme_392.tif,248,2.1991771393251343,0.12904275089724623,0.013577649615723515
D:/fivekdataset_big/input/train/a0250-IMG_5079.tif,249,1.8028039724265605,0.2245651477057109,0.007189195794940714
D:/fivekdataset_big/input/train/a0251-DSC_0061-2.tif,250,1.8019625309385272,0.14594972316137955,0.007847838832418845
D:/fivekdataset_big/input/train/a0252-jmac_DSC3250.tif,251,1.907422555298881,0.14896544493345165,0.00950969162962354
D:/fivekdataset_big/input/train/a0253-kme_194.tif,252,1.8079076044767792,0.23677842616793862,0.014167093733118323
D:/fivekdataset_big/input/train/a0254-JI2E3561.tif,253,2.275817858765177,0.14402828296897088,0.0078116795487850835
D:/fivekdataset_big/input/train/a0255-_DSC1448.tif,254,2.0581164967754746,0.16223727498806684,0.004887900418568489
D:/fivekdataset_big/input/train/a0256-LS051026_day_2_arive51.tif,255,2.2742528487482274,0.16947188979524452,0.011519986664124158
D:/fivekdataset_big/input/train/a0257-kme_118.tif,256,1.550855346127996,0.15416272538337597,0.014293200617389826
D:/fivekdataset_big/input/train/a0258-kme_598.tif,257,2.2948038265661803,0.10489029817176916,0.006447045431038237
D:/fivekdataset_big/input/train/a0259-dvf_029.tif,258,1.3098096819185896,0.11714281981238801,0.011377306788985717
D:/fivekdataset_big/input/train/a0260-IMG_3434.tif,259,2.3577179455387274,0.1680160391598249,0.0057030151754501
D:/fivekdataset_big/input/train/a0261-_DSC2228.tif,260,1.791540867068533,0.21898425656405016,0.02474160894299092
D:/fivekdataset_big/input/train/a0262-JI2E4358.tif,261,2.181811666655599,0.1707947522437177,0.009025480936432875
D:/fivekdataset_big/input/train/a0263-07-11-20-at-16h57m56s-_MG_5753.tif,262,1.7359921161785605,0.19199855357141177,0.013633250535211505
D:/fivekdataset_big/input/train/a0264-KE_-0094.tif,263,2.4105647352792876,0.16613722246613905,0.008990005242728525
D:/fivekdataset_big/input/train/a0265-kme_067.tif,264,1.5171546269229164,0.13623821756653523,0.017950501629692438
D:/fivekdataset_big/input/train/a0266-_DSC0297.tif,265,1.8530749714689307,0.12131342857159387,0.014313588028455237
D:/fivekdataset_big/input/train/a0267-NKIM_115.tif,266,1.666353193424889,0.20483338133806947,0.01940728260943237
D:/fivekdataset_big/input/train/a0268-_DSC0059.tif,267,1.8485105238289605,0.14698832834681883,0.011740782506821925
D:/fivekdataset_big/input/train/a0269-JI2E4569.tif,268,2.0783277256468256,0.14465165635887395,0.00844009749778062
D:/fivekdataset_big/input/train/a0270-JI2E3556.tif,269,2.546784846862047,0.15413354631753762,0.014308195800195206
D:/fivekdataset_big/input/train/a0271-KE_-0005.tif,270,3.0194937211492414,0.14415829772489713,0.011563802450246716
D:/fivekdataset_big/input/train/a0272-050703_183414__I2E9359.tif,271,2.0945318160982116,0.21076815224515724,0.009508911793447272
D:/fivekdataset_big/input/train/a0273-kme_295.tif,272,1.689752020449615,0.16139451614304845,0.008895468978478921
D:/fivekdataset_big/input/train/a0274-_DSC6439.tif,273,1.9799612576938266,0.21658919575274582,0.0083683272678279
D:/fivekdataset_big/input/train/a0275-07-11-24-at-16h27m12s-_MG_6758.tif,274,1.9977442861518884,0.20181496564511633,0.018023167356225837
D:/fivekdataset_big/input/train/a0276-IMG_0047.tif,275,1.6479176070289094,0.18007532733714857,0.009911827528262295
D:/fivekdataset_big/input/train/a0277-WP_CRW_9568.tif,276,2.2586781661178574,0.1979783077661038,0.006828663054541238
D:/fivekdataset_big/input/train/a0278-Ja_Pe-11.tif,277,1.8944285114290413,0.1344322063672231,0.00822856229194387
D:/fivekdataset_big/input/train/a0279-_DSC4586.tif,278,2.2561779719482065,0.2300076223434012,0.008094580029135552
D:/fivekdataset_big/input/train/a0280-IMG_0854.tif,279,1.7732099193030761,0.17635792647631543,0.013922770226293677
D:/fivekdataset_big/input/train/a0281-NKIM_MG_6162.tif,280,1.967037269502346,0.15401816684436886,0.014559041697760447
D:/fivekdataset_big/input/train/a0282-20060619_125715__MG_9197.tif,281,2.6469323019155664,0.16623501399877996,0.006859681169397792
D:/fivekdataset_big/input/train/a0283-jn_20071207_Xmas_House_0121.tif,282,2.000366766434851,0.12132084543368961,0.017310022507986255
D:/fivekdataset_big/input/train/a0284-NKIM_MG_6192.tif,283,1.8201401715518157,0.13391918295310684,0.0095657688981635
D:/fivekdataset_big/input/train/a0285-IMG_2044.tif,284,1.9666026901458187,0.171856407296316,0.01625030139847426
D:/fivekdataset_big/input/train/a0286-006hunwed.tif,285,2.158829082819046,0.18572934526897036,0.015304625005430781
D:/fivekdataset_big/input/train/a0287-050703_084540__I2E9191.tif,286,2.0117732561978205,0.2061690031724961,0.017650720375469043
D:/fivekdataset_big/input/train/a0288-MB_060311_030.tif,287,1.7844613352079806,0.20665855894265475,0.009581075490306954
D:/fivekdataset_big/input/train/a0289-kme_504.tif,288,2.0510267735829966,0.20113039741227756,0.006841920283165993
D:/fivekdataset_big/input/train/a0290-IMG_2741.tif,289,1.9464175749912607,0.1266322566730789,0.008156014108790063
D:/fivekdataset_big/input/train/a0291-IMG_0115.tif,290,1.889350258320946,0.18725818361378208,0.009540908157317117
D:/fivekdataset_big/input/train/a0292-dgw_086.tif,291,2.0317913513272834,0.2000834687955825,0.006052031599117481
D:/fivekdataset_big/input/train/a0293-DSC_0012-2.tif,292,1.7042200431540415,0.18784715593764872,0.014559165288985897
D:/fivekdataset_big/input/train/a0294-20041221_192326_CRW_5437.tif,293,1.6380139158886755,0.17028993929311997,0.013112729166112027
D:/fivekdataset_big/input/train/a0295-Ja_Pe-57.tif,294,1.6286947231586055,0.18053131923080745,0.01435494413674502
D:/fivekdataset_big/input/train/a0296-kme_440.tif,295,1.7967819943319545,0.1983197279439824,0.006010182464657491
D:/fivekdataset_big/input/train/a0297-kme_049.tif,296,2.0483433503487367,0.17619282994563076,0.014782354388032935
D:/fivekdataset_big/input/train/a0298-IMG_5043.tif,297,1.8667477723899641,0.25195314389850043,0.01500868322229166
D:/fivekdataset_big/input/train/a0299-KE_-2376.tif,298,2.105399919554998,0.16099011365051327,0.013447092734774499
D:/fivekdataset_big/input/train/a0300-jmac_DSC2549.tif,299,1.9015514837974976,0.0999500263106283,0.014365838716818215
D:/fivekdataset_big/input/train/a0301-IMG_4669.tif,300,1.7439187434273413,0.19582303005059537,0.009839393459404704
D:/fivekdataset_big/input/train/a0302-IMG_4108.tif,301,2.062294641277404,0.11244663748786682,0.02021344638262166
D:/fivekdataset_big/input/train/a0303-NKIM_116.tif,302,1.6671265636993187,0.21634778253323858,0.02282361626773493
D:/fivekdataset_big/input/train/a0304-dgw_137.tif,303,1.9027990576396272,0.22406567586061762,0.013735902367913213
D:/fivekdataset_big/input/train/a0305-CRW_0278.tif,304,2.040957463711506,0.18585236114078862,0.009324394027114795
D:/fivekdataset_big/input/train/a0306-WP_CRW_0752.tif,305,2.740305786275817,0.21422000609263714,0.007383316963543201
D:/fivekdataset_big/input/train/a0307-IMG_0299.tif,306,1.8400169281733836,0.15189937221963387,0.008121504831780318
D:/fivekdataset_big/input/train/a0308-jmac_DSC3379.tif,307,2.1541111750726047,0.12956387252426851,0.013690202916008178
D:/fivekdataset_big/input/train/a0309-jmac_MG_4806.tif,308,1.6517441812925322,0.18606747434479165,0.012454555734671368
D:/fivekdataset_big/input/train/a0310-IMG_1898.tif,309,1.6860627556899157,0.08263929967731953,0.005767005744749813
D:/fivekdataset_big/input/train/a0311-jmac_MG_0128.tif,310,2.2897683722313116,0.09279058713405879,0.009640300836651567
D:/fivekdataset_big/input/train/a0312-_DSC5579.tif,311,1.6601986319043471,0.20539592184008804,0.012971036656436627
D:/fivekdataset_big/input/train/a0313-_MG_7253.tif,312,2.1273710618872665,0.20066811476376636,0.005939479049318641
D:/fivekdataset_big/input/train/a0314-IMG_4170.tif,313,1.5725796964070486,0.19920620772571795,0.02187397662482872
D:/fivekdataset_big/input/train/a0315-DSC_0112.tif,314,2.065208284908693,0.1481429429823213,0.0074518736173568665
D:/fivekdataset_big/input/train/a0316-LS051026_day_10_LL013.tif,315,1.4169029296180147,0.22665198660274688,0.012860435054044758
D:/fivekdataset_big/input/train/a0317-IMG_0647.tif,316,3.8348442662089557,0.18328567411699437,0.0051368294599601575
D:/fivekdataset_big/input/train/a0318-IMG_4318.tif,317,2.0609056463274826,0.14554502679381592,0.011755404974414066
D:/fivekdataset_big/input/train/a0319-kme_344.tif,318,2.2292963174866567,0.1192911845107545,0.006006420448680648
D:/fivekdataset_big/input/train/a0320-Ja_Pe-13.tif,319,1.8753985624326672,0.15376014889708012,0.011641654173167093
D:/fivekdataset_big/input/train/a0321-KE_-0010.tif,320,1.7342942792307892,0.13810929745414527,0.009393745077702981
D:/fivekdataset_big/input/train/a0322-kme_016.tif,321,1.7234952336953937,0.18791688578396226,0.01375542801825071
D:/fivekdataset_big/input/train/a0323-07-06-27-at-13h56m27s-_MG_1782.tif,322,1.8728455686029841,0.12136084849049326,0.00995679780912305
D:/fivekdataset_big/input/train/a0324-WP_CRW_4941.tif,323,1.7788697901556707,0.21645088020668712,0.016472901805042572
D:/fivekdataset_big/input/train/a0325-IMG_3340.tif,324,1.8067516080471786,0.20745051179731844,0.016589049328624417
D:/fivekdataset_big/input/train/a0326-jmac_MG_7785.tif,325,2.1346248604656437,0.2208064521319079,0.01354024077384446
D:/fivekdataset_big/input/train/a0327-LSYD4O0579.tif,326,1.6274596726365682,0.18779205671853,0.01227508778809514
D:/fivekdataset_big/input/train/a0328-kme_248.tif,327,2.301006656609196,0.14082526927053893,0.005743345812237502
D:/fivekdataset_big/input/train/a0329-_MG_1830.tif,328,2.223329754361452,0.1303230121322524,0.008404699162729562
D:/fivekdataset_big/input/train/a0330-IMG_4328.tif,329,1.445814307531544,0.13988263400588355,0.012597648220436984
D:/fivekdataset_big/input/train/a0331-MB_20030906_035.tif,330,1.6816838481852097,0.20072915739280975,0.008747091874571587
D:/fivekdataset_big/input/train/a0332-IMG_0010.tif,331,2.4076092379402594,0.14049395105344978,0.012348271707564428
D:/fivekdataset_big/input/train/a0333-IMG_0661.tif,332,3.5392847138606,0.16651946374726023,0.00814869274993567
D:/fivekdataset_big/input/train/a0334-IMG_3423.tif,333,2.211208127152026,0.1628839513103882,0.0048114190085179805
D:/fivekdataset_big/input/train/a0335-jmac_MG_6437.tif,334,2.0586554580000533,0.12299620893429793,0.008668123267232302
D:/fivekdataset_big/input/train/a0336-07-08-11-at-16h57m13s-_MG_3305.tif,335,1.8585947706787167,0.18093208160035823,0.01294210876601396
D:/fivekdataset_big/input/train/a0337-tc_DSC1898.tif,336,1.864951544713501,0.10487601813571854,0.011967580471931218
D:/fivekdataset_big/input/train/a0338-WP_CRW_9580.tif,337,1.9033992547002077,0.27032731546459854,0.018182964389240306
D:/fivekdataset_big/input/train/a0339-IMG_0111.tif,338,1.7803527589056103,0.16312292675720436,0.011217796399924812
D:/fivekdataset_big/input/train/a0340-kme_373.tif,339,1.635402134240035,0.2031903661888006,0.010874386291172504
D:/fivekdataset_big/input/train/a0341-dgw_002.tif,340,1.5502705789130997,0.2637350848059215,0.015532941264510018
D:/fivekdataset_big/input/train/a0342-JI2E5527.tif,341,1.8328905940502538,0.1386988513483388,0.009222534993298582
D:/fivekdataset_big/input/train/a0343-tc_DSC4155.tif,342,2.2017032083170207,0.29457389175165355,0.008330746066379437
D:/fivekdataset_big/input/train/a0344-DSC_0009.tif,343,2.6711902756654275,0.1203419159402531,0.009192057890502718
D:/fivekdataset_big/input/train/a0345-IMG_3353.tif,344,1.83642644823732,0.20928961531967166,0.01873847114487232
D:/fivekdataset_big/input/train/a0346-051007_162030__I2E8864.tif,345,1.9280848671618445,0.14015583439922882,0.009561932847674504
D:/fivekdataset_big/input/train/a0347-07-08-11-at-18h17m09s-N0000221.tif,346,2.1381240456282162,0.20470281683503366,0.00906904260273942
D:/fivekdataset_big/input/train/a0348-07-07-07-at-09h42m42s-_MG_2151.tif,347,1.7587425829947012,0.22123845599347114,0.011193793889782309
D:/fivekdataset_big/input/train/a0349-jn_20081025_Kent_Shelter_068.tif,348,1.9980712203997315,0.12266715584053237,0.00880403203448498
D:/fivekdataset_big/input/train/a0350-_DSC2622.tif,349,1.7602133370513338,0.14845089585212987,0.03069482860173276
D:/fivekdataset_big/input/train/a0351-MB_070908_006.tif,350,1.7749902169475078,0.19672485035838294,0.017832412412597712
D:/fivekdataset_big/input/train/a0352-IMG_4026.tif,351,1.950796562684538,0.13886408553609922,0.014240734065554244
D:/fivekdataset_big/input/train/a0353-dvf_049.tif,352,2.645808682305429,0.4563509734193406,0.04153286982007219
D:/fivekdataset_big/input/train/a0354-07-07-17-at-23h28m36s-_MG_2372.tif,353,1.7835288408579266,0.17006336085628185,0.008787238901952342
D:/fivekdataset_big/input/train/a0355-jmac_DSC2202.tif,354,1.8363003995599272,0.19413059972123645,0.009767132898177076
D:/fivekdataset_big/input/train/a0356-07-11-26-at-16h05m54s-_MG_7171.tif,355,1.8094079400378837,0.1470640060850125,0.009411119814037269
D:/fivekdataset_big/input/train/a0357-NKIM_030.tif,356,1.7311103976025333,0.22004974478040348,0.02311958900163996
D:/fivekdataset_big/input/train/a0358-MB_080329_074.tif,357,2.1826025349229736,0.33350842853243706,0.04613793251584372
D:/fivekdataset_big/input/train/a0359-IMG_4821.tif,358,2.290634585517761,0.15971515176615603,0.007831231341737412
D:/fivekdataset_big/input/train/a0360-JI2E3509.tif,359,1.4167916354977965,0.1798861737559887,0.02497823129826864
D:/fivekdataset_big/input/train/a0361-IMG_4566.tif,360,1.9731012453346024,0.10750325411981566,0.009892434031233764
D:/fivekdataset_big/input/train/a0362-IMG_5005.tif,361,1.4562087402561397,0.2462913451453366,0.03194956435323148
D:/fivekdataset_big/input/train/a0363-IMG_1431.tif,362,1.7520316038032477,0.18247130900564706,0.015133735464045608
D:/fivekdataset_big/input/train/a0364-LS20050429d650001.tif,363,1.8741395159298626,0.10743589641826788,0.012860700357148631
D:/fivekdataset_big/input/train/a0365-jn_2007_05_09__516.tif,364,1.8396028766687045,0.12313944181593035,0.010271030571552453
D:/fivekdataset_big/input/train/a0366-kme_378.tif,365,2.0306193841979927,0.12455311821424812,0.019097635947966447
D:/fivekdataset_big/input/train/a0367-IMG_0338.tif,366,1.8786691441752428,0.16922984514547862,0.014560928456956734
D:/fivekdataset_big/input/train/a0368-kme_022.tif,367,1.6874325777442065,0.17448870693413082,0.011483761510242073
D:/fivekdataset_big/input/train/a0369-kme_136.tif,368,1.7817199602895313,0.1127876709769001,0.008668927420359678
D:/fivekdataset_big/input/train/a0370-JI2E4435.tif,369,2.0079742353077843,0.20505022706818815,0.015105845991953193
D:/fivekdataset_big/input/train/a0371-IMG_4770.tif,370,1.598505249910512,0.23201522397432117,0.011054535830457506
D:/fivekdataset_big/input/train/a0372-WP_CRW_6207.tif,371,2.053869143623455,0.10476870021362274,0.020672570672204627
D:/fivekdataset_big/input/train/a0373-IMG_4954.tif,372,2.0890702434367583,0.16654673348672397,0.008742369190493465
D:/fivekdataset_big/input/train/a0374-IMG_4326.tif,373,1.5533759004138266,0.23459463013318568,0.013479714207614225
D:/fivekdataset_big/input/train/a0375-IMG_2700.tif,374,2.27583921259397,0.13249660410878794,0.006649510380752371
D:/fivekdataset_big/input/train/a0376-IMG_4189.tif,375,2.0179840399554965,0.11687406835689883,0.017952199382056343
D:/fivekdataset_big/input/train/a0377-IMG_3486.tif,376,2.2389937791809125,0.17616546866599325,0.00884471269455452
D:/fivekdataset_big/input/train/a0378-_DGW6391.tif,377,1.8091119755285752,0.20761777446946458,0.03643129054989471
D:/fivekdataset_big/input/train/a0379-kme_397.tif,378,1.9402068254237952,0.1925838532087927,0.006885687019037667
D:/fivekdataset_big/input/train/a0380-kme_294.tif,379,2.1902000607147194,0.1504994726796448,0.011765173361305739
D:/fivekdataset_big/input/train/a0381-20070929_134540__MG_0110.tif,380,2.076569868614413,0.19068937103962438,0.015007506762682778
D:/fivekdataset_big/input/train/a0382-kme_573.tif,381,1.7504430974167855,0.13725296731216047,0.00442985575692083
D:/fivekdataset_big/input/train/a0383-MB_060909_028.tif,382,2.2216139042514627,0.1897736119399758,0.01946714295092105
D:/fivekdataset_big/input/train/a0384-060819_065910__M6A0015.tif,383,1.433927902387583,0.25861179639231563,0.017202686857475644
D:/fivekdataset_big/input/train/a0385-Ja_Pe-39.tif,384,2.817386071433372,0.14682199003382895,0.015976500047713515
D:/fivekdataset_big/input/train/a0386-jmac_MG_0520.tif,385,1.4838548960347102,0.22756303456656662,0.015995006948686562
D:/fivekdataset_big/input/train/a0387-IMG_3388.tif,386,1.457632989201128,0.20598495132832928,0.013413366465946352
D:/fivekdataset_big/input/train/a0388-IMG_1637.tif,387,1.929875363672964,0.17591102480985923,0.009359611838519686
D:/fivekdataset_big/input/train/a0389-KE_-0026.tif,388,2.3040633073831933,0.17293456800954723,0.02021695112429727
D:/fivekdataset_big/input/train/a0390-NKIM_MG_3126.tif,389,2.1528147923524212,0.22150665598914715,0.010901694534543569
D:/fivekdataset_big/input/train/a0391-IMG_4305.tif,390,1.9657697479754126,0.2649964171578414,0.009990285192014236
D:/fivekdataset_big/input/train/a0392-_DGW6346.tif,391,2.1729152966332026,0.19616781719021473,0.015828903837189236
D:/fivekdataset_big/input/train/a0393-_DSC0040.tif,392,2.3140984000295344,0.12574491190503267,0.006692178497959818
D:/fivekdataset_big/input/train/a0394-DSC_0001.tif,393,1.9201295845195203,0.12449816491444075,0.0071847787889955635
D:/fivekdataset_big/input/train/a0395-IMG_1268.tif,394,1.7006621974046365,0.2330944128665945,0.017252902554080306
D:/fivekdataset_big/input/train/a0396-jn_20080802_0011.tif,395,2.3340934062139977,0.0741632076121417,0.009507424016104075
D:/fivekdataset_big/input/train/a0397-jn_2007_05_05__241.tif,396,1.8782765683162674,0.19945828076246616,0.011259209051263732
D:/fivekdataset_big/input/train/a0398-IMG_5829.tif,397,2.197570023417785,0.19422132987607446,0.01051889425380347
D:/fivekdataset_big/input/train/a0399-kme_200.tif,398,1.6921328452343265,0.23461548194294246,0.009638546984885787
D:/fivekdataset_big/input/train/a0400-NKIM_MG_8342.tif,399,1.5979013803417546,0.23472896282357128,0.015095633936234585
D:/fivekdataset_big/input/train/a0401-kme_189.tif,400,1.8985849425203902,0.21950173542213774,0.012692281591148333
D:/fivekdataset_big/input/train/a0402-IMG_4055.tif,401,2.294426487958559,0.19336696789015087,0.006001497409160445
D:/fivekdataset_big/input/train/a0403-IMG_0076.tif,402,1.5900314595833582,0.15474442046675707,0.020694840004626305
D:/fivekdataset_big/input/train/a0404-DSC_0029-2.tif,403,1.70325533465076,0.2577852852653692,0.026537386068198776
D:/fivekdataset_big/input/train/a0405-kme_497.tif,404,2.8287764556086876,0.16951681472970764,0.010375513734039785
D:/fivekdataset_big/input/train/a0406-_MG_7943.tif,405,1.611073407674876,0.2082637621712979,0.012127784695264973
D:/fivekdataset_big/input/train/a0407-IMG_8270.tif,406,2.1223920392240223,0.17353617339124258,0.011452679242937878
D:/fivekdataset_big/input/train/a0408-Ja_Pe-95.tif,407,1.92383282479566,0.2204824483680368,0.008523129586846534
D:/fivekdataset_big/input/train/a0409-_MG_0111.tif,408,1.4007607023647926,0.19381391602108303,0.012207105015193566
D:/fivekdataset_big/input/train/a0410-jmac_DSC2754.tif,409,1.9703959966359932,0.16619861536764027,0.011996467654024649
D:/fivekdataset_big/input/train/a0411-07-11-21-at-13h12m13s-_MG_5935.tif,410,1.7632616271247654,0.21227581275086416,0.015264563828247453
D:/fivekdataset_big/input/train/a0412-_DGW6297.tif,411,1.6627202176598437,0.1740457556418296,0.01553610919963731
D:/fivekdataset_big/input/train/a0413-MB_20050123_033.tif,412,2.0210673872606777,0.1903979971384192,0.012657920902981705
D:/fivekdataset_big/input/train/a0414-IMG_7164.tif,413,2.5425699733885736,0.3641863116939256,0.027366956685826702
D:/fivekdataset_big/input/train/a0415-IMG_0120.tif,414,2.0535325266992306,0.3373604417730971,0.01954231921604429
D:/fivekdataset_big/input/train/a0416-IMG_2389.tif,415,1.5437825524440392,0.22342758443677913,0.00933009962503786
D:/fivekdataset_big/input/train/a0417-IMG_3345.tif,416,2.2783421985393306,0.1765242901984431,0.04972256903361265
D:/fivekdataset_big/input/train/a0418-07-11-19-at-13h26m20s-_MG_5018.tif,417,1.7554205056847791,0.25854538752511186,0.023727831435202962
D:/fivekdataset_big/input/train/a0419-DSC_0008.tif,418,3.208191959579855,0.1720519479149048,0.00688356210258641
D:/fivekdataset_big/input/train/a0420-KE_-1536.tif,419,1.9856533303314177,0.14693491300521808,0.013553336471183584
D:/fivekdataset_big/input/train/a0421-_DGW6279.tif,420,2.1981525617944397,0.2212004767435027,0.006140702361967208
D:/fivekdataset_big/input/train/a0422-054hunwed.tif,421,1.847287270501302,0.10745261890234352,0.01106838416315898
D:/fivekdataset_big/input/train/a0423-07-06-02-at-07h35m36-s_MG_1355.tif,422,2.740338170533353,0.2459552938319986,0.0108679277101092
D:/fivekdataset_big/input/train/a0424-kme_009.tif,423,1.7796621797213297,0.21612302529331112,0.009179512331376488
D:/fivekdataset_big/input/train/a0425-060818_145522__Z9B2601.tif,424,2.1034919393758287,0.17900579201936104,0.009347515315339516
D:/fivekdataset_big/input/train/a0426-jmac_DSC4298.tif,425,1.8384999420015604,0.1409610044235575,0.00780415135538661
D:/fivekdataset_big/input/train/a0427-051007_182146_GM6A8996.tif,426,1.706000830860709,0.17910295462379677,0.018355089750866475
D:/fivekdataset_big/input/train/a0428-IMG_5032.tif,427,1.760544387682858,0.14673397956574083,0.019244712377987968
D:/fivekdataset_big/input/train/a0429-_78U7703.tif,428,2.0118145523126487,0.16821856985579156,0.006849768003948794
D:/fivekdataset_big/input/train/a0430-kme_065.tif,429,1.9275399166673903,0.1268586469342658,0.014360938607820416
D:/fivekdataset_big/input/train/a0431-_DSC9183.tif,430,1.6610123033231425,0.1699722938510163,0.013704139978626255
D:/fivekdataset_big/input/train/a0432-IMG_4895.tif,431,2.543846273735208,0.25272341389034386,0.029235238427579004
D:/fivekdataset_big/input/train/a0433-dgw_008.tif,432,1.5603093964584718,0.18273760261113794,0.010542182419883544
D:/fivekdataset_big/input/train/a0434-IMG_3559.tif,433,2.100450797831679,0.21314843362545838,0.006516565890038324
D:/fivekdataset_big/input/train/a0435-IMG_0064.tif,434,1.7161874295986645,0.19870127636126897,0.008765124242357857
D:/fivekdataset_big/input/train/a0436-IMG_2583.tif,435,1.4820424886356307,0.2518647171989531,0.010176338056422702
D:/fivekdataset_big/input/train/a0437-jmacDSC_0011.tif,436,1.8453816972308414,0.13150686549648943,0.008116365486129085
D:/fivekdataset_big/input/train/a0438-jn_20071005_0014.tif,437,1.83384232124826,0.12746008271490844,0.012105565626284637
D:/fivekdataset_big/input/train/a0439-tc_DSC1855.tif,438,1.691489301382984,0.11233134451616032,0.008995816865959709
D:/fivekdataset_big/input/train/a0440-MB_070520_107.tif,439,2.423534399480393,0.33197485396751925,0.03249597740847756
D:/fivekdataset_big/input/train/a0441-jmac_MG_5386.tif,440,2.618205705847059,0.29361956853352195,0.005318319274144124
D:/fivekdataset_big/input/train/a0442-jmac_MG_1461.tif,441,1.6617575844934127,0.19849665062049807,0.012719135730306181
D:/fivekdataset_big/input/train/a0443-IMG_2907.tif,442,1.490997309078268,0.22215517000646684,0.026160631042436145
D:/fivekdataset_big/input/train/a0444-kme_492.tif,443,2.1670058136523624,0.1566401472663267,0.008308029856287844
D:/fivekdataset_big/input/train/a0445-jmac_DSC0657.tif,444,2.604431479982683,0.14735838224882772,0.014956192421047461
D:/fivekdataset_big/input/train/a0446-jn_20071027_StormClouds_0009.tif,445,1.7485213768119718,0.20552748871041146,0.011394967541480765
D:/fivekdataset_big/input/train/a0447-Ja_Pe-49.tif,446,2.024087845816789,0.19301963668874556,0.005569817397449618
D:/fivekdataset_big/input/train/a0448-IMG_3809.tif,447,2.0245133298974056,0.25306475033081666,0.005719626482065216
D:/fivekdataset_big/input/train/a0449-IMG_4461.tif,448,1.8786708197865263,0.17851112358065493,0.008482556573019445
D:/fivekdataset_big/input/train/a0450-20061111_144844__E6B5666.tif,449,2.2384856388107854,0.14550603577551255,0.008453364163576938
D:/fivekdataset_big/input/train/a0451-Ja_Pe-73.tif,450,2.0534603638377025,0.15515703873710948,0.008447815903564929
D:/fivekdataset_big/input/train/a0452-IMG_1646.tif,451,2.157702746406013,0.2921759344076362,0.03509026589366042
D:/fivekdataset_big/input/train/a0453-DSC_0025.tif,452,2.026384461231664,0.1417667611607087,0.009771646045912834
D:/fivekdataset_big/input/train/a0454-08-05-25-at-12h33m47s-_MG_9489.tif,453,1.963994555160658,0.09664896630965271,0.00810436098874343
D:/fivekdataset_big/input/train/a0455-_DSC4605.tif,454,2.147518606378438,0.2281042043118845,0.014060341223451235
D:/fivekdataset_big/input/train/a0456-kme_113.tif,455,1.8839538904550708,0.27866217990300485,0.014908429133927759
D:/fivekdataset_big/input/train/a0457-NKIM_099.tif,456,1.7091554094379717,0.2734852929985634,0.03880917528652209
D:/fivekdataset_big/input/train/a0458-dvf_056.tif,457,1.619934449552105,0.18338732694682616,0.013059249714414356
D:/fivekdataset_big/input/train/a0459-jmac_MG_0866.tif,458,2.041539873381686,0.19342777926898166,0.010645037723943625
D:/fivekdataset_big/input/train/a0460-IMG_5839.tif,459,3.5122665427858673,0.15004742059320003,0.007949813574760458
D:/fivekdataset_big/input/train/a0461-IMG_4232.tif,460,1.2655847432977412,0.3019658120251227,0.014248885534389933
D:/fivekdataset_big/input/train/a0462-jn_20080928_088.tif,461,2.4287398754113187,0.0763386667844272,0.015233676616762764
D:/fivekdataset_big/input/train/a0463-jmac_DSC2316.tif,462,1.9267329369784858,0.1836513425024403,0.01199786806263627
D:/fivekdataset_big/input/train/a0464-NKIM_130.tif,463,1.5031506481563306,0.1623047556002732,0.009585253324644301
D:/fivekdataset_big/input/train/a0465-dvf_066.tif,464,1.9601670420676653,0.15823604127718832,0.008732415914452691
D:/fivekdataset_big/input/train/a0466-_DSC5415.tif,465,2.0042107224831147,0.2658726893720631,0.029512774372938394
D:/fivekdataset_big/input/train/a0467-IMG_4514.tif,466,1.9076795211005528,0.22599961954058603,0.009636458795167018
D:/fivekdataset_big/input/train/a0468-DSC_0100-2.tif,467,1.7956059354580658,0.14408974871537397,0.010959729355615453
D:/fivekdataset_big/input/train/a0469-NKIM_103.tif,468,1.9509144702049173,0.17574335874649358,0.011076553314295454
D:/fivekdataset_big/input/train/a0470-_MG_7801.tif,469,1.5226107933548358,0.20375510529621327,0.0107835908293863
D:/fivekdataset_big/input/train/a0471-IMG_2901.tif,470,1.382076417040905,0.2633966915356365,0.01622691800252659
D:/fivekdataset_big/input/train/a0472-MB_040506_010.tif,471,1.7842393100125775,0.2010410016487988,0.01855794664273725
D:/fivekdataset_big/input/train/a0473-LS051026_day_3_arrive08.tif,472,1.8021216184084279,0.23623361402669787,0.012715779247638137
D:/fivekdataset_big/input/train/a0474-IMG_0036.tif,473,1.6623825057177344,0.2119786655591782,0.011128122759074098
D:/fivekdataset_big/input/train/a0475-MB_20030906_026.tif,474,1.8117814200521345,0.1997032716651772,0.013618525251498745
D:/fivekdataset_big/input/train/a0476-_DSC6400.tif,475,1.7908454119809405,0.19778490438560242,0.02405616634741719
D:/fivekdataset_big/input/train/a0477-jn_2007_05_05__239.tif,476,1.7027556059181008,0.20554152213609808,0.011152864536692448
D:/fivekdataset_big/input/train/a0478-dgw_014.tif,477,2.01552709048812,0.17644600884197761,0.015298107700693273
D:/fivekdataset_big/input/train/a0479-WP_CRW_7999.tif,478,1.6034087756760982,0.19976144781204788,0.011916644962522503
D:/fivekdataset_big/input/train/a0480-jmac_MG_0549.tif,479,1.719787752889435,0.20260845987302095,0.014221415728968116
D:/fivekdataset_big/input/train/a0481-050701_141420__MG_3396.tif,480,1.6970768936498124,0.12773473968685953,0.011903495287709032
D:/fivekdataset_big/input/train/a0482-NKIM_MG_6625.tif,481,1.6743309051716124,0.1945230357335566,0.014372932014731315
D:/fivekdataset_big/input/train/a0483-WP_CRW_0259.tif,482,1.6276575235559982,0.17238666153338078,0.006077181522543802
D:/fivekdataset_big/input/train/a0484-_DGW6359.tif,483,1.8048233971963343,0.19376251771646408,0.03308789436568391
D:/fivekdataset_big/input/train/a0485-kme_021.tif,484,1.689617207781219,0.21470928957615204,0.010542609024331993
D:/fivekdataset_big/input/train/a0486-jmac_MG_0791.tif,485,1.8288200893758253,0.17619028982964058,0.007511268943485817
D:/fivekdataset_big/input/train/a0487-_DSC5455.tif,486,1.9442125037745432,0.24207462394113916,0.030906900589281708
D:/fivekdataset_big/input/train/a0488-jmac_MG_1405.tif,487,1.5759905125667217,0.14835513355816307,0.014673766807605104
D:/fivekdataset_big/input/train/a0489-_MG_1615.tif,488,1.9279125975713907,0.1358867541497174,0.011671590493664775
D:/fivekdataset_big/input/train/a0490-dvf_093.tif,489,1.7800305552553424,0.1857276884967917,0.006792322541642871
D:/fivekdataset_big/input/train/a0491-2004-07-29+14-32-56+CRW_3077.tif,490,2.423791501196348,0.11836717200656553,0.008343597341165389
D:/fivekdataset_big/input/train/a0492-20061222_123303__E6B6057.tif,491,2.1947528237912706,0.14748149741974761,0.014675310747716193
D:/fivekdataset_big/input/train/a0493-_DSC0157.tif,492,2.0643219218753837,0.11922430391911178,0.010713861982843022
D:/fivekdataset_big/input/train/a0494-IMG_8262.tif,493,2.233408245693485,0.18831438393117123,0.007515568190576308
D:/fivekdataset_big/input/train/a0495-WP_CRW_9591.tif,494,2.0165911601987117,0.18999536259914152,0.013321612485635095
D:/fivekdataset_big/input/train/a0496-WP_CRW_0462.tif,495,2.109326559970285,0.2101421575309615,0.02675288296250468
D:/fivekdataset_big/input/train/a0497-kme_479.tif,496,1.8284952087333581,0.09718172754806692,0.014168383792124888
D:/fivekdataset_big/input/train/a0498-jn_2007_05_08__464.tif,497,1.7293390573388312,0.1510098167096314,0.014728078133378352
D:/fivekdataset_big/input/train/a0499-_DSC0086.tif,498,2.4217947821288,0.14470402817778574,0.00840816879631052
D:/fivekdataset_big/input/train/a0500-IMG_4769.tif,499,1.7771184803206004,0.11974883070779191,0.011469699750049194
D:/fivekdataset_big/input/train/a0501-_MG_7370.tif,500,2.0085980911012893,0.1964539849786512,0.00920015373243464
D:/fivekdataset_big/input/train/a0502-JI2E4143.tif,501,1.9797866275361031,0.2054021323830912,0.00951451373458189
D:/fivekdataset_big/input/train/a0503-jmac_DSC3712.tif,502,2.2223527596587376,0.09795715427986816,0.012389305167833623
D:/fivekdataset_big/input/train/a0504-jmacIMG_6809.tif,503,2.4116650285776746,0.15397114101804463,0.011979307588528658
D:/fivekdataset_big/input/train/a0505-kme_566.tif,504,1.888587556382759,0.20006273502390026,0.006509351472773928
D:/fivekdataset_big/input/train/a0506-kme_313.tif,505,2.01302018776974,0.11175404605071132,0.005094530397257234
D:/fivekdataset_big/input/train/a0507-kme_486.tif,506,1.7419312897097425,0.14587766778172656,0.01065267604484188
D:/fivekdataset_big/input/train/a0508-DSC_0010-3.tif,507,2.3386140820986827,0.1477593164610566,0.01072423378554659
D:/fivekdataset_big/input/train/a0509-DSC_0030-2.tif,508,2.1778318308067,0.12103918272352135,0.005937016497129566
D:/fivekdataset_big/input/train/a0510-_DGW6409.tif,509,1.9279930660228861,0.1968313607894917,0.015424101203274067
D:/fivekdataset_big/input/train/a0511-LS20050429d650013.tif,510,1.9196426370378392,0.11088352931061377,0.014853490757379606
D:/fivekdataset_big/input/train/a0512-_MG_1623.tif,511,2.3626593266362885,0.13809072197091185,0.007726147960595211
D:/fivekdataset_big/input/train/a0513-WP_CRW_9545.tif,512,2.175117730715626,0.19467593280814882,0.011483477899971173
D:/fivekdataset_big/input/train/a0514-jmac_MG_7749.tif,513,2.290602069568416,0.22232256924101593,0.013154088699328149
D:/fivekdataset_big/input/train/a0515-NKIM_MG_6602.tif,514,1.8678513512612622,0.2211018758255256,0.010499703245477504
D:/fivekdataset_big/input/train/a0516-IMG_4420.tif,515,1.6486965693729578,0.23040861910122312,0.02154181059465762
D:/fivekdataset_big/input/train/a0517-kme_474.tif,516,1.5902975967831374,0.1281834468876902,0.0076304003058318606
D:/fivekdataset_big/input/train/a0518-DSC_0113.tif,517,1.6922761804376156,0.16375198359106696,0.010274563763760262
D:/fivekdataset_big/input/train/a0519-LS_060724_8766.tif,518,1.9359586191512173,0.23321392474260286,0.029949914900464888
D:/fivekdataset_big/input/train/a0520-NKIM_MG_6224.tif,519,1.7694933844783447,0.19457480315175102,0.005339692139792755
D:/fivekdataset_big/input/train/a0521-IMG_3851.tif,520,1.501077863397258,0.22857196644066474,0.01046171712611772
D:/fivekdataset_big/input/train/a0522-kme_253.tif,521,2.0379696956414546,0.11131458668059727,0.006862654839822752
D:/fivekdataset_big/input/train/a0523-_MG_0142.tif,522,1.8194270608725098,0.17348593635603546,0.011059921872602949
D:/fivekdataset_big/input/train/a0524-_DGW6317.tif,523,1.772410854507942,0.21374089452182032,0.00961029286629034
D:/fivekdataset_big/input/train/a0525-MB_070908_076.tif,524,1.6740461260176043,0.18070999924005124,0.021015945442483187
D:/fivekdataset_big/input/train/a0526-IMG_4233.tif,525,1.4912367812082215,0.2472262693367438,0.006232403970992234
D:/fivekdataset_big/input/train/a0527-_DGW6270.tif,526,1.703938007173678,0.17994798346903476,0.012010287679518143
D:/fivekdataset_big/input/train/a0528-kme_237.tif,527,1.616754605175951,0.15196834198982234,0.011892088153334323
D:/fivekdataset_big/input/train/a0529-jmac_MG_0267.tif,528,1.9377548975863657,0.12131090640698447,0.006665068999206796
D:/fivekdataset_big/input/train/a0530-Ja_Pe-62.tif,529,1.7411118350918688,0.1939807834123638,0.012384658530531105
D:/fivekdataset_big/input/train/a0531-dgw_067.tif,530,1.683892654608077,0.2677602020986865,0.019398961858892956
D:/fivekdataset_big/input/train/a0533-MB_20030906_063.tif,531,1.7813739950584586,0.2268493579758071,0.01206001935488799
D:/fivekdataset_big/input/train/a0534-LS_060719_7306.tif,532,2.4184154393742476,0.22047529186103418,0.014371356894644608
D:/fivekdataset_big/input/train/a0535-jmac_MG_6029.tif,533,1.8157863972776251,0.2017109063735674,0.009225610254555129
D:/fivekdataset_big/input/train/a0536-IMG_0470.tif,534,1.7029507135863413,0.15993490647171205,0.01569511167836488
D:/fivekdataset_big/input/train/a0537-IMG_1562.tif,535,2.0010353849937688,0.2394941942093668,0.011656318923061989
D:/fivekdataset_big/input/train/a0538-Ja_Pe-7.tif,536,2.2383521318176323,0.19764213585902432,0.01127161364215896
D:/fivekdataset_big/input/train/a0539-jmac_MG_0220.tif,537,1.7648027369063257,0.1579863314360608,0.0067084207333945964
D:/fivekdataset_big/input/train/a0540-jmac_MG_5988.tif,538,1.7960265312887478,0.19561602089371444,0.008280929952967399
D:/fivekdataset_big/input/train/a0541-050618_215910__MG_2944.tif,539,1.703875101314196,0.07132112845669249,0.013448339654482349
D:/fivekdataset_big/input/train/a0542-IMG_4760.tif,540,1.8545369157366378,0.2492053225536904,0.019707739975242066
D:/fivekdataset_big/input/train/a0543-_DGW6252.tif,541,2.2083630813906057,0.1694890881567254,0.01376608401815237
D:/fivekdataset_big/input/train/a0544-KE_-0053.tif,542,1.845704811545296,0.15620159402806374,0.012620160096513268
D:/fivekdataset_big/input/train/a0545-_DSC2170.tif,543,1.5809544812737457,0.2582281138215091,0.01980588062500165
D:/fivekdataset_big/input/train/a0546-dgw_153.tif,544,1.8512107135298392,0.18175930360127493,0.010865481412112264
D:/fivekdataset_big/input/train/a0547-_DSC0445.tif,545,1.9901686758247403,0.2045434014240459,0.008928317637429503
D:/fivekdataset_big/input/train/a0548-jmac_DSC3767.tif,546,1.7989088078293969,0.18131977473846958,0.012726377096859842
D:/fivekdataset_big/input/train/a0549-_DSC3051.tif,547,1.6464292427131364,0.2325617631570681,0.023067645357018284
D:/fivekdataset_big/input/train/a0550-IMG_4965.tif,548,2.0926652719603256,0.0996288292735157,0.009733997572953493
D:/fivekdataset_big/input/train/a0551-DSC_0008.tif,549,1.7424930433237795,0.1738693788910417,0.009449383924396133
D:/fivekdataset_big/input/train/a0552-GM6A8442.tif,550,2.1284511630803578,0.140653810101305,0.016544832053637538
D:/fivekdataset_big/input/train/a0553-_MG_2093.tif,551,1.6963598589426234,0.20735102306365488,0.013246315772068515
D:/fivekdataset_big/input/train/a0554-DSC_0003.tif,552,2.3755480447992467,0.11975665778970333,0.013760153600252272
D:/fivekdataset_big/input/train/a0555-_DSC3330.tif,553,1.9101983510490714,0.21213596584021507,0.02084805757948025
D:/fivekdataset_big/input/train/a0556-07-08-10-at-19h09m19s-N0000107.tif,554,2.1466151284691395,0.11169353540621017,0.008681294597938332
D:/fivekdataset_big/input/train/a0557-kme_589.tif,555,1.6866253425682347,0.20286820346931608,0.011926386533533489
D:/fivekdataset_big/input/train/a0558-kme_395.tif,556,1.909530932608033,0.16081633941884768,0.008518595278061269
D:/fivekdataset_big/input/train/a0559-_DSC0007-2.tif,557,1.870739988477923,0.1390367383137724,0.005765972952673062
D:/fivekdataset_big/input/train/a0560-jn_2007_05_06__335.tif,558,1.7233484878861367,0.2045436157168557,0.007755151690858265
D:/fivekdataset_big/input/train/a0561-NKIM_MG_7778.tif,559,1.643404438897932,0.2069576267724522,0.01087264796909976
D:/fivekdataset_big/input/train/a0562-dgw_082.tif,560,2.1988280491082763,0.3104565077023597,0.022440152766544656
D:/fivekdataset_big/input/train/a0563-IMG_0286.tif,561,1.631976089429479,0.2586259202874489,0.010541044366584025
D:/fivekdataset_big/input/train/a0564-kme_176.tif,562,1.5891202893604952,0.19904824683568076,0.009071572728694783
D:/fivekdataset_big/input/train/a0565-NKIM_MG_6637.tif,563,1.5268001939147622,0.14194113662730287,0.009826790116403965
D:/fivekdataset_big/input/train/a0566-kme_302.tif,564,2.009261777134601,0.12080059264939665,0.009560398283597784
D:/fivekdataset_big/input/train/a0567-_DGW6268.tif,565,1.6581540035936972,0.1618705853001443,0.021723736816677636
D:/fivekdataset_big/input/train/a0568-_MG_1090.tif,566,1.3849722258084562,0.21311684248849755,0.00936243382232663
D:/fivekdataset_big/input/train/a0569-IMG_0319.tif,567,1.8705166245370686,0.1728593663399192,0.015640929625676318
D:/fivekdataset_big/input/train/a0570-_DSC0084.tif,568,1.8366144192539557,0.19822576659236596,0.013345415424888955
D:/fivekdataset_big/input/train/a0571-jmac_DSC5611.tif,569,1.778882566237767,0.20520126173622957,0.009582529544082554
D:/fivekdataset_big/input/train/a0572-_DGW6424.tif,570,1.7385538212669058,0.1387120405133112,0.008813979365189255
D:/fivekdataset_big/input/train/a0573-DSC_0044-1.tif,571,1.9597254381052671,0.15550543599823502,0.01643374809855726
D:/fivekdataset_big/input/train/a0574-_DSC6152.tif,572,1.4390928683375739,0.2033331403533888,0.02069456047246787
D:/fivekdataset_big/input/train/a0575-kme_040.tif,573,1.9350178372631812,0.2249308421529103,0.018338506992740693
D:/fivekdataset_big/input/train/a0576-_I2E6403.tif,574,1.6837252827272031,0.22130740556589054,0.013268897159055246
D:/fivekdataset_big/input/train/a0577-kme_503.tif,575,1.6528396425997136,0.18111856237723628,0.012596411332705996
D:/fivekdataset_big/input/train/a0578-IMG_4994.tif,576,1.5240640788973274,0.2084025369975277,0.019983919238324786
D:/fivekdataset_big/input/train/a0579-IMG_0825.tif,577,2.2993032988695528,0.14200129359605998,0.00867845660621229
D:/fivekdataset_big/input/train/a0580-kme_350.tif,578,1.6622077513011844,0.15632037913763264,0.00731460762647385
D:/fivekdataset_big/input/train/a0581-jn_2007_12_10__BU_CRUISE_009.tif,579,0.8346390489095928,0.24565525212814102,0.04262834034415786
D:/fivekdataset_big/input/train/a0582-DSC_0020.tif,580,1.9334796458044536,0.16273190502124707,0.012726903460446031
D:/fivekdataset_big/input/train/a0583-Ja_Pe-34.tif,581,1.8858080809933953,0.1908448428708955,0.013315206824321827
D:/fivekdataset_big/input/train/a0584-tc_DSC2161.tif,582,1.8278833100283614,0.12585776322872036,0.00838858977311123
D:/fivekdataset_big/input/train/a0585-jmacdscf0551.tif,583,1.860945093470324,0.14827523047884658,0.01640074560325457
D:/fivekdataset_big/input/train/a0586-JI2E4687.tif,584,2.0050152555907768,0.13307297197657283,0.01840905924452675
D:/fivekdataset_big/input/train/a0587-IMG_2780.tif,585,1.611551101507924,0.1619489742713294,0.006846471968064222
D:/fivekdataset_big/input/train/a0588-dgw_118.tif,586,1.4933770890019817,0.2251823313926034,0.03630808601308839
D:/fivekdataset_big/input/train/a0589-LSstone_060806_8886.tif,587,2.187152093413616,0.2320313170871261,0.025097127059733035
D:/fivekdataset_big/input/train/a0590-050708_105048__I2E9570.tif,588,1.9184481524137522,0.18853318317932014,0.007140024764083005
D:/fivekdataset_big/input/train/a0591-_DGW6381.tif,589,1.5799690477312542,0.16113551247505678,0.01906654874007303
D:/fivekdataset_big/input/train/a0592-jmac_DSC4033.tif,590,2.1827888044696686,0.1511900036618695,0.006416497111078539
D:/fivekdataset_big/input/train/a0593-kme_031.tif,591,2.0392646511807233,0.23554879025948877,0.016327274919860413
D:/fivekdataset_big/input/train/a0594-_MG_0406.tif,592,2.0549370299455396,0.16626349386887998,0.012840645444198783
D:/fivekdataset_big/input/train/a0595-_DGW6264.tif,593,1.6890122595173969,0.2565175362196047,0.024777485454085778
D:/fivekdataset_big/input/train/a0596-NKIM_135.tif,594,1.4263640268952447,0.30217738827569934,0.01608558925032358
D:/fivekdataset_big/input/train/a0597-dgw_012.tif,595,1.8621112520449907,0.1374566474953168,0.017336060607928992
D:/fivekdataset_big/input/train/a0598-NKIM_MG_6367.tif,596,1.765219168967139,0.25568878520825905,0.008212638638795282
D:/fivekdataset_big/input/train/a0599-KE_-005.tif,597,2.0223509230270507,0.10777604361831984,0.011413906335332196
D:/fivekdataset_big/input/train/a0600-2004-07-29+21-13-02+CRW_3421.tif,598,2.168771669397198,0.1314030268714206,0.009323785626964846
D:/fivekdataset_big/input/train/a0601-07-11-26-at-12h45m09s-_MG_7055.tif,599,1.7632164639478565,0.1900719079375323,0.007614996184132558
D:/fivekdataset_big/input/train/a0602-kme_225.tif,600,2.001781246665919,0.14059338089508047,0.009346890391327274
D:/fivekdataset_big/input/train/a0603-050918_140528__MG_5980.tif,601,1.6710088527895843,0.21915403846683235,0.005024164016934447
D:/fivekdataset_big/input/train/a0604-jn_2007_12_15__BU_CRUISE_257.tif,602,1.9960202047154185,0.06881493871628142,0.011232058612928596
D:/fivekdataset_big/input/train/a0605-_MG_7197.tif,603,1.9872997665436485,0.23153187521442856,0.011720112612271034
D:/fivekdataset_big/input/train/a0606-051002_152054__I2E8779.tif,604,1.7071528000384721,0.2069906175553189,0.009739489509034834
D:/fivekdataset_big/input/train/a0607-NKIM_MG_6774.tif,605,2.139589554876942,0.07604393903687298,0.01347192550545544
D:/fivekdataset_big/input/train/a0608-_DGW6367.tif,606,1.8202965031497187,0.22381815824280707,0.015679901505360486
D:/fivekdataset_big/input/train/a0609-_MG_3231.tif,607,1.619268631207203,0.2058140345308465,0.010407118176898265
D:/fivekdataset_big/input/train/a0610-kme_129.tif,608,3.9346677329624917,0.1776268641636061,0.010385643346680937
D:/fivekdataset_big/input/train/a0611-IMG_0056.tif,609,2.1390772099450213,0.20434861265673288,0.0076368710513244975
D:/fivekdataset_big/input/train/a0612-LSCRW_0030.tif,610,2.629859246840118,0.1725741828610773,0.00696829896820382
D:/fivekdataset_big/input/train/a0613-LS051025_day_2_LL053.tif,611,1.525508972801548,0.24101392488670897,0.01365510178214245
D:/fivekdataset_big/input/train/a0614-IMG_3348.tif,612,1.498109267073686,0.24978679848855928,0.038812143647704536
D:/fivekdataset_big/input/train/a0615-IMG_4025.tif,613,1.975186953367746,0.17633982660378372,0.006066027836301269
D:/fivekdataset_big/input/train/a0616-DSC_0146.tif,614,2.466596348117155,0.1832252289979658,0.0048552596364308245
D:/fivekdataset_big/input/train/a0617-20060619_094244__MG_9140.tif,615,1.634572757554076,0.2170501613041275,0.01295443888447262
D:/fivekdataset_big/input/train/a0618-kme_515.tif,616,1.662754613394198,0.2112169005396626,0.011221863766111707
D:/fivekdataset_big/input/train/a0619-20081019_at_01h22m56__MG_3327.tif,617,1.9261214751642477,0.3487855628359994,0.02385833997526591
D:/fivekdataset_big/input/train/a0620-jmac_MG_6253.tif,618,1.898599758894915,0.14540454278009546,0.0076400205352805325
D:/fivekdataset_big/input/train/a0621-20080514_110501__MG_9940.tif,619,2.12804725426684,0.17186593471794176,0.020811458835977868
D:/fivekdataset_big/input/train/a0622-jmac_MG_5852.tif,620,2.4331412246208752,0.1614750427076927,0.01648867828690056
D:/fivekdataset_big/input/train/a0623-dvf_031.tif,621,1.8877602764702694,0.11176592122783963,0.009999596308454142
D:/fivekdataset_big/input/train/a0624-KE_-2574.tif,622,1.9860008634144717,0.21426414521917495,0.00649938831147312
D:/fivekdataset_big/input/train/a0625-IMG_1324.tif,623,1.7856209951582827,0.21006172601208872,0.00836396636581855
D:/fivekdataset_big/input/train/a0626-20070618_190911__MG_8400.tif,624,2.0795510875642598,0.1300069148470239,0.007284099786064722
D:/fivekdataset_big/input/train/a0627-_DSC5388.tif,625,1.594200257982678,0.2938979071108654,0.02590658097173662
D:/fivekdataset_big/input/train/a0628-kme_144.tif,626,2.045626389953631,0.18851244713564533,0.013964716168844959
D:/fivekdataset_big/input/train/a0629-MB_20030906_100.tif,627,1.5122635954928259,0.2280678128073037,0.014970553021513906
D:/fivekdataset_big/input/train/a0630-jmac_DSC3294.tif,628,2.1094167456659547,0.1655525889276027,0.012132241220426047
D:/fivekdataset_big/input/train/a0631-NKIM_MG_6442.tif,629,1.706040796888582,0.23539976476454497,0.016917790855235672
D:/fivekdataset_big/input/train/a0632-07-06-01-at-12h50m26-s_MG_1230.tif,630,1.8131528256297729,0.22555306371301198,0.010300358734645847
D:/fivekdataset_big/input/train/a0633-kme_450.tif,631,1.896360481525835,0.13488970057884425,0.00717711451238936
D:/fivekdataset_big/input/train/a0634-_DGW6340.tif,632,1.6806489407598593,0.23715371468686294,0.011661914219876623
D:/fivekdataset_big/input/train/a0635-20060613_112054__MG_7862.tif,633,1.893146739043283,0.16337840618092903,0.01604711088805435
D:/fivekdataset_big/input/train/a0636-07-11-27-at-10h02m30s-_MG_7226.tif,634,1.6636214003709917,0.15187002479651798,0.01802115863199095
D:/fivekdataset_big/input/train/a0637-IMG_4277.tif,635,1.6007571282547337,0.20999600155291892,0.011236587009705949
D:/fivekdataset_big/input/train/a0638-20061008_092601__MG_0024.tif,636,1.5839385858074517,0.19318704490120245,0.010645289812505914
D:/fivekdataset_big/input/train/a0639-dvf_010.tif,637,1.612727504209989,0.19510263895593696,0.011369703426537248
D:/fivekdataset_big/input/train/a0640-20061231_174638__E6B8019.tif,638,2.5700839658506287,0.19126948477509362,0.009293145032399242
D:/fivekdataset_big/input/train/a0641-kme_543.tif,639,2.015706537882142,0.13971827025565225,0.010437603697481692
D:/fivekdataset_big/input/train/a0642-kme_037.tif,640,2.0953406195327355,0.18862708345430432,0.01394139886606906
D:/fivekdataset_big/input/train/a0643-WP_CRW_1443.tif,641,1.7121659422240554,0.17847474852274434,0.009643879088154138
D:/fivekdataset_big/input/train/a0644-IMG_1680.tif,642,2.194167507316348,0.1749927740445322,0.017733517760364404
D:/fivekdataset_big/input/train/a0645-kme_581.tif,643,2.83751750135393,0.10645403915840826,0.00748601708459949
D:/fivekdataset_big/input/train/a0646-20070826_182055__MG_9177.tif,644,1.9835192202411809,0.1743986941464516,0.005981112118223415
D:/fivekdataset_big/input/train/a0647-_DSC0047.tif,645,1.9447416243784221,0.12675711326225694,0.008698227249231211
D:/fivekdataset_big/input/train/a0648-IMG_5085.tif,646,1.7762876370352985,0.16482590670269537,0.01712811753245318
D:/fivekdataset_big/input/train/a0649-Ja_Pe-77.tif,647,1.614479465619535,0.1918711336226631,0.008818738847462567
D:/fivekdataset_big/input/train/a0650-dgw_060.tif,648,1.994251342286647,0.12518661242998208,0.014570817561665995
D:/fivekdataset_big/input/train/a0651-dgw_129.tif,649,1.5617698698969973,0.24180322571965998,0.010586906832631488
D:/fivekdataset_big/input/train/a0652-jmac_DSC3908.tif,650,1.5389860034708696,0.16084905625960955,0.009554755198308148
D:/fivekdataset_big/input/train/a0653-kme_132.tif,651,1.9766245584999533,0.1477758076184866,0.0056525128553820796
D:/fivekdataset_big/input/train/a0654-DSC_0129.tif,652,1.8018777216398472,0.1954847971271211,0.008980692960086316
D:/fivekdataset_big/input/train/a0655-IMG_0994.tif,653,1.624916194817627,0.21840005093149525,0.012108177604866892
D:/fivekdataset_big/input/train/a0656-20070505_100410__MG_6820.tif,654,1.2549756805944274,0.23505728205168797,0.010992927295170051
D:/fivekdataset_big/input/train/a0657-DSC_0011.tif,655,2.377695762545734,0.13880936261418733,0.0077170005115010844
D:/fivekdataset_big/input/train/a0658-dgw_105.tif,656,1.8268962046278456,0.2149801064881,0.010041693644728036
D:/fivekdataset_big/input/train/a0659-051009_144152__MG_6254.tif,657,1.8474753865622058,0.15692866023115623,0.01126449733528598
D:/fivekdataset_big/input/train/a0660-IMG_4000.tif,658,1.7945060239718669,0.21065649627365216,0.018942793903298668
D:/fivekdataset_big/input/train/a0661-07-09-22-at-15h38m30s-_Z9B3075.tif,659,2.050475040844507,0.16194753557359537,0.011021506027211025
D:/fivekdataset_big/input/train/a0662-IMG_0325.tif,660,2.0827150433925063,0.12782581303557752,0.01617512626529462
D:/fivekdataset_big/input/train/a0663-kme_498.tif,661,1.7295250696979112,0.18806051962421205,0.007821828006974833
D:/fivekdataset_big/input/train/a0664-_DSC2171.tif,662,1.6630730963713862,0.16003168923741257,0.010697756664328453
D:/fivekdataset_big/input/train/a0665-kme_110.tif,663,1.9698658295492315,0.17015147235915634,0.010202936747917293
D:/fivekdataset_big/input/train/a0666-IMG_5021.tif,664,1.79748984626856,0.19951336492234115,0.024543545149977655
D:/fivekdataset_big/input/train/a0667-IMG_2867.tif,665,1.547032413259635,0.33643637403816984,0.015762872237773257
D:/fivekdataset_big/input/train/a0668-kme_032.tif,666,1.766569200095826,0.13494183228550535,0.007799886723224331
D:/fivekdataset_big/input/train/a0669-DSC_0047-1-2.tif,667,1.7592717312493205,0.18202801649354539,0.009217088276003614
D:/fivekdataset_big/input/train/a0670-kme_158.tif,668,1.971086059486528,0.16789691476526514,0.007639548435233852
D:/fivekdataset_big/input/train/a0671-IMG_0621.tif,669,1.925883813349201,0.2197989869617838,0.015500222564369231
D:/fivekdataset_big/input/train/a0672-_DSC8842.tif,670,1.7824802629254426,0.2062432237056462,0.008473772237292175
D:/fivekdataset_big/input/train/a0673-IMG_1635.tif,671,1.7608565917484025,0.22652491129398206,0.015494062022008627
D:/fivekdataset_big/input/train/a0674-KE_-1393.tif,672,1.7549945905863362,0.2198629347802169,0.029480682837619048
D:/fivekdataset_big/input/train/a0675-_DGW6371.tif,673,1.8086174202013898,0.15686648187695496,0.014054423234914105
D:/fivekdataset_big/input/train/a0676-kme_609.tif,674,1.6853609463093544,0.13704842875610218,0.011826215830418207
D:/fivekdataset_big/input/train/a0677-050716_112558__I2E4115.tif,675,1.7530045039002842,0.14463967727375912,0.011764054242623088
D:/fivekdataset_big/input/train/a0678-kme_475.tif,676,1.5893626802121117,0.2316283635418179,0.016955644797999752
D:/fivekdataset_big/input/train/a0679-kme_284.tif,677,1.7224828813440218,0.15647805933611206,0.013745499111959814
D:/fivekdataset_big/input/train/a0680-jn_20080130_Las_Vegas_0048.tif,678,1.3897242968687773,0.22630333445250134,0.015574297866857071
D:/fivekdataset_big/input/train/a0681-060811_183554__MG_6223.tif,679,1.5153441020883907,0.18962055907314426,0.008532101391877907
D:/fivekdataset_big/input/train/a0682-DSC_0003.tif,680,2.7872686121029875,0.1557775963979158,0.012295273057681449
D:/fivekdataset_big/input/train/a0683-DSC_0011-1.tif,681,2.3613377327308482,0.13681281022759667,0.011578619972282022
D:/fivekdataset_big/input/train/a0684-IMG_5076.tif,682,1.666323792776565,0.20660726246059322,0.009068389998769922
D:/fivekdataset_big/input/train/a0685-_DSC0102.tif,683,1.8752676410287867,0.12183421237509708,0.007015870856271609
D:/fivekdataset_big/input/train/a0686-KE_-1758.tif,684,1.9995264788844105,0.18079247846221652,0.011299238852740543
D:/fivekdataset_big/input/train/a0687-2004-03-29+08-27-22+CRW_5754.tif,685,2.926112029436588,0.14013950670373468,0.01732162903049613
D:/fivekdataset_big/input/train/a0688-IMG_4426.tif,686,1.7367364664988925,0.2069443718403167,0.008416796438325606
D:/fivekdataset_big/input/train/a0689-DSC_0006-2.tif,687,2.2684510798951756,0.12156019420264047,0.007965693593259876
D:/fivekdataset_big/input/train/a0690-_MG_6397.tif,688,1.654062428245737,0.19482458597985663,0.010736260186491169
D:/fivekdataset_big/input/train/a0691-jn_20081025_Kent_Shelter_021.tif,689,1.8152928000987512,0.14083617551776592,0.008820063645632642
D:/fivekdataset_big/input/train/a0692-IMG_5076.tif,690,1.6577244992835758,0.2015510528625845,0.007799648127323909
D:/fivekdataset_big/input/train/a0693-NKIM_046.tif,691,1.8597300912184334,0.17927584728209492,0.008356851860367852
D:/fivekdataset_big/input/train/a0694-LS051026_day_2_arive46.tif,692,1.7441866741999532,0.21105918430580958,0.017074953005079135
D:/fivekdataset_big/input/train/a0695-Ja_Pe-100.tif,693,1.8877662717986816,0.1832705130072912,0.017244749707658033
D:/fivekdataset_big/input/train/a0696-DSC_0004-3.tif,694,1.8462499078512136,0.1156500358321196,0.011544548915438413
D:/fivekdataset_big/input/train/a0697-IMG_4796.tif,695,1.4827684825458862,0.2578223351159576,0.013679632964568901
D:/fivekdataset_big/input/train/a0698-20070825_101950__E6B9284.tif,696,1.8744102235913191,0.08998391452487754,0.006218806235540826
D:/fivekdataset_big/input/train/a0699-050819_170534__I2E7771.tif,697,2.3401060493950796,0.09594589925597939,0.006392372983870408
D:/fivekdataset_big/input/train/a0700-IMG_2879.tif,698,1.9615865712691993,0.17098795082961668,0.006279890863083499
D:/fivekdataset_big/input/train/a0701-jn_2007_12_10__BU_CRUISE_001.tif,699,1.784807009095775,0.1451319484416004,0.010742076017695737
D:/fivekdataset_big/input/train/a0702-dgw_091.tif,700,2.6380766569778773,0.22034557977392286,0.015625981819784914
D:/fivekdataset_big/input/train/a0703-IMG_4226.tif,701,1.4066487203601703,0.23498218229830245,0.005716814677699273
D:/fivekdataset_big/input/train/a0704-jmac_MG_0617.tif,702,1.8073391947812305,0.16082504729157052,0.011728613174607676
D:/fivekdataset_big/input/train/a0705-WP_CRW_4059.tif,703,1.5137254200438301,0.1541237873937969,0.01412428363286054
D:/fivekdataset_big/input/train/a0706-kme_217.tif,704,1.6148169822447331,0.1582376781346102,0.014030217022702862
D:/fivekdataset_big/input/train/a0707-07-12-01-at-15h31m07s-_MG_8670.tif,705,1.8479881082649414,0.19422519056945067,0.010684918276717541
D:/fivekdataset_big/input/train/a0708-20070210_164509__MG_6786.tif,706,2.0922791775320126,0.13960667648371644,0.012160373674507362
D:/fivekdataset_big/input/train/a0709-07-12-01-at-17h01m35s-_MG_8762.tif,707,2.4051250451846027,0.2271361602565481,0.016614939140742017
D:/fivekdataset_big/input/train/a0710-kme_329.tif,708,2.3696433050427266,0.11442925770985538,0.02021293071816042
D:/fivekdataset_big/input/train/a0711-WP_IMG_1592.tif,709,2.361198152681119,0.1910373193490477,0.01091704370951732
D:/fivekdataset_big/input/train/a0712-_DSC8911.tif,710,1.9234086509165773,0.16937037211187014,0.01242247072153697
D:/fivekdataset_big/input/train/a0713-IMG_1505.tif,711,2.2781769688424256,0.13608430260156285,0.013700759355733498
D:/fivekdataset_big/input/train/a0714-IMG_0089.tif,712,2.5603853866903985,0.39136627235943117,0.02741321467397108
D:/fivekdataset_big/input/train/a0715-060812_182920__MG_6255.tif,713,1.6068757575705268,0.15032491484095012,0.007176190059120937
D:/fivekdataset_big/input/train/a0716-MB_20030906_030.tif,714,1.6367800745031433,0.18945420324185683,0.014788226119842363
D:/fivekdataset_big/input/train/a0717-tc_DSC4256.tif,715,2.4342438691593,0.28841697571144653,0.010866060889840115
D:/fivekdataset_big/input/train/a0718-_DSC1333.tif,716,1.835120800243295,0.15586046002415851,0.014238795336431288
D:/fivekdataset_big/input/train/a0719-jmac_MG_5118.tif,717,2.0061170325652546,0.2374133654024098,0.02100380307746064
D:/fivekdataset_big/input/train/a0720-GrassleyCase-5419.tif,718,2.0499476527468117,0.21442352525896072,0.0131325737984905
D:/fivekdataset_big/input/train/a0721-IMG_3761.tif,719,1.9044113323479135,0.1916428758441833,0.010369658098143893
D:/fivekdataset_big/input/train/a0722-tc_DSC1969.tif,720,2.5954455730739996,0.1331525890046902,0.007882477509902334
D:/fivekdataset_big/input/train/a0723-NKIM_MG_6091.tif,721,2.071882446143896,0.2306385572510372,0.010170547330726344
D:/fivekdataset_big/input/train/a0724-IMG_4637.tif,722,2.0418578660908513,0.18668997697493447,0.013667556463166908
D:/fivekdataset_big/input/train/a0725-07-12-02-at-10h25m22s-_MG_8796.tif,723,1.6270141553710806,0.1963531325408135,0.00978907552365848
D:/fivekdataset_big/input/train/a0726-IMG_1669.tif,724,2.062203261115184,0.2404474503278254,0.025106274191082217
D:/fivekdataset_big/input/train/a0727-07-11-11-at-11h53m38s-_MG_4569.tif,725,1.8540518648106268,0.22575710293669046,0.017586332809094392
D:/fivekdataset_big/input/train/a0728-IMG_1733.tif,726,1.503055854016882,0.22941884270649468,0.007315516086991197
D:/fivekdataset_big/input/train/a0729-jmac_DSC3864.tif,727,2.2329088970268565,0.19385909380413566,0.013598577548749153
D:/fivekdataset_big/input/train/a0730-IMG_4792.tif,728,1.883656389937299,0.18981422399943698,0.0076966218878991135
D:/fivekdataset_big/input/train/a0731-IMG_3972.tif,729,1.7806054520099857,0.24394626295834868,0.012726698527073397
D:/fivekdataset_big/input/train/a0732-DSC_0075.tif,730,2.0303069055715337,0.14482150877274927,0.008051687819457174
D:/fivekdataset_big/input/train/a0733-WP_CRW_0495.tif,731,1.670821677418605,0.16492193711799571,0.0120726139855062
D:/fivekdataset_big/input/train/a0734-kme_229.tif,732,2.382816751270953,0.13889472141489356,0.029649584800332734
D:/fivekdataset_big/input/train/a0735-KE_-2091.tif,733,1.7746560324093688,0.2023642239808289,0.014281776404110564
D:/fivekdataset_big/input/train/a0736-_DGW6293.tif,734,2.861447058368982,0.17788514981977957,0.007835027493776178
D:/fivekdataset_big/input/train/a0737-07-09-22-at-20h14m16s-_Z9B3228.tif,735,1.6985667874921824,0.16113131490503868,0.018640094974103082
D:/fivekdataset_big/input/train/a0738-WP_CRW_9283.tif,736,1.754294780346565,0.15528440521789444,0.00845571919043605
D:/fivekdataset_big/input/train/a0739-IMG_0746.tif,737,2.8320793147252528,0.21059806838586975,0.004648157055705304
D:/fivekdataset_big/input/train/a0740-dvf_019.tif,738,1.6867061050194265,0.14658014696545044,0.0066817686280174005
D:/fivekdataset_big/input/train/a0741-kme_169.tif,739,1.8166590178073543,0.21418282476689024,0.010149587466134515
D:/fivekdataset_big/input/train/a0742-IMG_2429.tif,740,1.8047779028244697,0.2056880715435369,0.014198449289996157
D:/fivekdataset_big/input/train/a0743-_DSC6146.tif,741,1.7245688027606503,0.25097028830013385,0.023515497478863976
D:/fivekdataset_big/input/train/a0744-Ja_Pe-99.tif,742,1.6307783886914593,0.22152041521159094,0.009513738260159518
D:/fivekdataset_big/input/train/a0745-NKIM_117.tif,743,2.1322812714714576,0.20210789826513625,0.014493879810440315
D:/fivekdataset_big/input/train/a0746-050724_185230__I2E5154.tif,744,2.4754827539816446,0.175783851572263,0.010442433793866855
D:/fivekdataset_big/input/train/a0747-dgw_033.tif,745,1.8493031707586496,0.20924781588682767,0.010947056845816774
D:/fivekdataset_big/input/train/a0748-kme_222.tif,746,2.7200218671895127,0.1667720977125399,0.007289564168175131
D:/fivekdataset_big/input/train/a0749-WP_CRW_9500.tif,747,2.069193720881397,0.15013904226655583,0.007939372446631556
D:/fivekdataset_big/input/train/a0750-IMG_1874.tif,748,1.4888650237226306,0.20975296634810967,0.007325971544013056
D:/fivekdataset_big/input/train/a0751-kme_582.tif,749,3.850651965921587,0.06046242409545194,0.020911971846740925
